Strategy 1,Strategy 2,winner,# cards played,wars
0,0,2,184,11
0,0,1,210,6
0,0,1,394,7
0,0,1,353,3
0,0,2,147,9
0,0,2,186,10
0,0,2,458,36
0,0,1,822,66
0,0,1,114,8
0,0,1,429,35
0,0,1,757,56
0,0,1,596,49
0,0,1,121,9
0,0,2,217,17
0,0,2,262,22
0,0,1,158,18
0,0,1,336,20
0,0,1,461,37
0,0,1,257,19
0,0,2,384,24
0,0,1,753,61
0,0,2,288,22
0,0,2,145,15
0,0,1,127,9
0,0,1,97,7
0,0,1,218,16
0,0,2,329,13
0,0,1,103,11
0,0,2,94,6
0,0,2,128,10
0,0,2,100,6
0,0,2,274,24
0,0,1,243,11
0,0,1,1052,86
0,0,2,132,8
0,0,1,1137,79
0,0,1,474,33
0,0,2,921,2
0,0,2,610,50
0,0,1,79,6
0,0,1,122,10
0,0,2,50,4
0,0,1,145,11
0,0,2,835,71
0,0,1,228,18
0,0,2,326,22
0,0,2,143,7
0,0,2,233,19
0,0,2,916,64
0,0,1,86,6
0,0,2,270,24
0,0,1,985,63
0,0,2,99,7
0,0,1,296,16
0,0,1,155,15
0,0,1,308,21
0,0,2,53,5
0,0,2,637,47
0,0,2,351,27
0,0,2,222,14
0,0,1,274,22
0,0,2,140,12
0,0,2,130,14
0,0,2,502,39
0,0,2,408,32
0,0,2,440,36
0,0,1,582,44
0,0,2,1135,89
0,0,1,197,17
0,0,2,471,45
0,0,2,206,20
0,0,1,70,6
0,0,1,88,6
0,0,1,121,7
0,0,2,329,22
0,0,1,423,35
0,0,1,141,9
0,0,1,342,20
0,0,1,589,43
0,0,1,402,24
0,0,2,300,22
0,0,2,426,28
0,0,1,346,22
0,0,1,350,34
0,0,2,448,24
0,0,2,285,19
0,0,2,259,25
0,0,2,394,32
0,0,1,1239,101
0,0,1,111,7
0,0,2,358,28
0,0,2,181,11
0,0,2,434,34
0,0,2,104,6
0,0,2,91,3
0,0,1,59,5
0,0,1,564,46
0,0,1,170,8
0,0,1,1342,104
0,0,2,303,17
0,0,2,93,9
0,0,2,100,6
0,0,2,338,26
0,0,1,263,15
0,0,1,89,7
0,0,1,498,40
0,0,2,443,25
0,0,2,175,8
0,0,2,489,42
0,0,1,370,24
0,0,2,568,37
0,0,2,200,16
0,0,2,580,41
0,0,1,242,16
0,0,2,138,10
0,0,1,153,13
0,0,2,120,6
0,0,2,150,12
0,0,2,115,7
0,0,2,435,33
0,0,2,220,14
0,0,2,124,12
0,0,2,93,7
0,0,2,123,7
0,0,1,107,11
0,0,1,318,30
0,0,1,187,13
0,0,2,108,10
0,0,2,357,27
0,0,1,261,17
0,0,2,190,16
0,0,1,211,15
0,0,2,608,40
0,0,1,243,21
0,0,2,109,10
0,0,1,300,22
0,0,2,125,9
0,0,1,144,8
0,0,2,212,12
0,0,2,225,15
0,0,2,251,24
0,0,1,67,5
0,0,2,186,14
0,0,2,302,22
0,0,1,105,4
0,0,1,229,15
0,0,2,303,24
0,0,1,276,14
0,0,2,89,7
0,0,1,126,10
0,0,1,175,17
0,0,2,277,18
0,0,2,136,4
0,0,2,259,15
0,0,1,147,17
0,0,2,141,15
0,0,2,1661,123
0,0,2,648,48
0,0,1,127,9
0,0,1,309,23
0,0,1,282,20
0,0,2,64,4
0,0,1,478,34
0,0,2,576,53
0,0,2,35,1
0,0,1,256,10
0,0,1,145,9
0,0,1,604,32
0,0,1,311,35
0,0,1,362,26
0,0,1,129,9
0,0,1,120,8
0,0,2,525,31
0,0,2,144,12
0,0,2,88,8
0,0,1,299,19
0,0,1,128,8
0,0,1,136,6
0,0,2,172,16
0,0,1,224,18
0,0,1,177,13
0,0,1,230,12
0,0,2,260,18
0,0,1,322,18
0,0,2,218,18
0,0,2,214,18
0,0,2,208,18
0,0,2,267,19
0,0,1,478,40
0,0,1,149,7
0,0,1,155,12
0,0,2,712,50
0,0,1,280,24
0,0,2,930,68
0,0,2,427,32
0,0,1,345,25
0,0,2,552,30
0,0,1,390,30
0,0,1,338,24
0,0,1,84,9
1,0,1,1251,15
1,0,1,2600,8
1,0,1,635,11
1,0,2,2600,10
1,0,1,2600,12
1,0,1,1292,18
1,0,1,2600,10
1,0,2,2600,16
1,0,2,2600,5
1,0,1,2600,14
1,0,1,2600,13
1,0,2,2600,16
1,0,1,2600,9
1,0,2,2600,16
1,0,1,2600,35
1,0,1,2600,11
1,0,2,2600,5
1,0,1,2600,23
1,0,1,2600,16
1,0,2,2600,28
1,0,1,2600,20
1,0,1,2600,10
1,0,2,2600,24
1,0,2,2600,5
1,0,1,2600,20
1,0,2,2600,7
1,0,1,2600,9
1,0,2,94,2
1,0,1,2600,11
1,0,1,2600,5
1,0,1,2600,17
1,0,1,2600,12
1,0,1,2600,8
1,0,1,2600,13
1,0,1,2600,14
1,0,1,2600,16
1,0,2,2600,12
1,0,1,2600,26
1,0,2,2600,14
1,0,1,550,10
1,0,1,2600,36
1,0,1,97,3
1,0,1,2600,9
1,0,2,2600,12
1,0,2,2600,21
1,0,1,2600,10
1,0,1,2600,15
1,0,1,2600,17
1,0,2,2600,15
1,0,2,2600,14
1,0,2,887,11
1,0,1,1920,28
1,0,2,2600,13
1,0,2,2600,7
1,0,2,2600,5
1,0,1,2600,15
1,0,1,2600,14
1,0,2,2600,6
1,0,1,2600,8
1,0,2,2600,14
1,0,2,666,16
1,0,2,2600,15
1,0,1,2600,9
1,0,1,2600,13
1,0,2,2600,18
1,0,2,2600,15
1,0,1,782,6
1,0,1,2600,10
1,0,2,2600,7
1,0,2,2600,14
1,0,1,2600,10
1,0,2,2600,19
1,0,2,2600,13
1,0,2,2600,6
1,0,2,2600,24
1,0,2,2600,12
1,0,2,2600,5
1,0,2,2600,8
1,0,1,2600,5
1,0,2,2600,27
1,0,2,2600,17
1,0,1,2600,13
1,0,2,2600,18
1,0,1,2600,19
1,0,2,2600,7
1,0,1,939,13
1,0,2,2600,13
1,0,2,2600,10
1,0,1,2600,13
1,0,1,1042,14
1,0,2,2600,4
1,0,1,2600,15
1,0,2,2600,11
1,0,2,2600,15
1,0,1,2600,10
1,0,1,374,10
1,0,1,2600,19
1,0,2,2600,13
1,0,2,2600,8
1,0,2,2600,10
1,1,1,359,25
1,1,1,133,15
1,1,2,86,6
1,1,2,87,7
1,1,2,175,9
1,1,2,36,2
1,1,1,728,64
1,1,2,76,10
1,1,2,123,11
1,1,2,489,27
1,1,2,136,10
1,1,1,55,3
1,1,1,528,40
1,1,1,280,22
1,1,1,56,2
1,1,2,168,16
1,1,2,442,34
1,1,2,267,17
1,1,2,187,15
1,1,1,89,7
1,1,2,32,2
1,1,2,73,3
1,1,2,433,33
1,1,2,86,8
1,1,2,153,7
1,1,2,76,4
1,1,2,124,8
1,1,2,123,9
1,1,2,182,16
1,1,1,627,51
1,1,2,86,6
1,1,2,219,16
1,1,1,225,17
1,1,2,608,40
1,1,1,216,16
1,1,2,162,12
1,1,1,104,6
1,1,1,160,16
1,1,1,106,4
1,1,2,118,10
1,1,1,58,6
1,1,1,187,15
1,1,1,139,11
1,1,2,30,4
1,1,1,232,18
1,1,2,98,8
1,1,2,533,37
1,1,2,90,6
1,1,2,444,38
1,1,1,494,30
1,1,1,88,8
1,1,2,171,17
1,1,2,227,27
1,1,2,379,27
1,1,1,115,7
1,1,2,503,37
1,1,1,174,16
1,1,1,173,21
1,1,1,376,32
1,1,1,49,3
1,1,2,285,11
1,1,2,543,39
1,1,2,214,16
1,1,2,162,12
1,1,2,188,14
1,1,2,255,19
1,1,2,330,22
1,1,1,190,14
1,1,2,265,27
1,1,1,546,44
1,1,2,172,12
1,1,2,103,11
1,1,1,133,9
1,1,1,246,16
1,1,2,37,3
1,1,1,462,38
1,1,2,448,30
1,1,1,316,24
1,1,2,31,5
1,1,1,51,7
1,1,1,93,9
1,1,1,59,7
1,1,1,309,27
1,1,2,147,11
1,1,2,452,34
1,1,1,483,35
1,1,1,92,10
1,1,2,61,5
1,1,2,203,13
1,1,2,234,22
1,1,2,32,0
1,1,2,1158,84
1,1,1,713,67
1,1,1,305,23
1,1,1,233,17
1,1,2,284,14
1,1,2,53,3
1,1,1,168,22
1,1,2,36,4
1,1,2,150,12
2,0,1,95,9
2,0,1,2600,9
2,0,2,2600,6
2,0,2,2600,9
2,0,1,2600,11
2,0,1,679,23
2,0,1,478,6
2,0,1,2600,17
2,0,1,2600,12
2,0,1,2600,2
2,0,1,2600,32
2,0,1,2067,23
2,0,1,2600,2
2,0,1,2600,10
2,0,1,1180,38
2,0,1,2600,26
2,0,1,1041,14
2,0,1,752,12
2,0,1,1703,31
2,0,1,1133,19
2,0,1,2600,8
2,0,1,918,28
2,0,1,1337,21
2,0,1,2600,17
2,0,1,2600,13
2,0,1,894,17
2,0,1,900,20
2,0,1,2600,32
2,0,1,1508,20
2,0,1,632,24
2,0,1,2600,16
2,0,1,634,20
2,0,1,2600,13
2,0,1,1033,27
2,0,1,2164,34
2,0,1,1142,22
2,0,1,2233,45
2,0,1,873,22
2,0,1,77,3
2,0,1,65,5
2,0,1,2600,3
2,0,1,659,17
2,0,1,343,7
2,0,1,2600,7
2,0,1,2600,13
2,0,2,2600,3
2,0,1,276,11
2,0,1,2600,7
2,0,1,951,21
2,0,1,662,10
2,0,1,2600,14
2,0,1,2600,13
2,0,2,2600,2
2,0,1,221,10
2,0,1,2600,18
2,0,1,2600,25
2,0,1,2600,20
2,0,1,277,13
2,0,1,1367,9
2,0,1,716,16
2,0,1,2600,16
2,0,1,1083,24
2,0,1,637,15
2,0,1,147,6
2,0,1,2600,10
2,0,1,2600,9
2,0,1,2600,41
2,0,1,2600,12
2,0,1,2600,13
2,0,1,2600,20
2,0,2,2600,20
2,0,1,2600,14
2,0,1,2600,27
2,0,1,925,23
2,0,1,587,17
2,0,1,934,28
2,0,1,2600,8
2,0,1,1850,26
2,0,1,2600,6
2,0,1,2600,2
2,0,1,2600,5
2,0,1,783,12
2,0,1,1078,14
2,0,1,825,21
2,0,1,1010,12
2,0,1,2600,22
2,0,1,183,13
2,0,1,385,13
2,0,1,2600,20
2,0,1,2600,12
2,0,1,1540,16
2,0,1,926,14
2,0,1,270,8
2,0,1,2600,10
2,0,1,2600,13
2,0,1,2600,11
2,0,1,466,11
2,0,1,2600,20
2,0,1,2600,11
2,0,1,2600,11
2,1,1,275,17
2,1,1,291,21
2,1,1,145,11
2,1,1,241,17
2,1,1,417,27
2,1,1,164,10
2,1,2,145,11
2,1,1,207,13
2,1,2,179,15
2,1,1,68,6
2,1,1,81,7
2,1,1,602,44
2,1,1,66,6
2,1,1,222,20
2,1,2,136,8
2,1,1,488,44
2,1,1,305,25
2,1,1,108,6
2,1,1,65,3
2,1,1,224,14
2,1,1,81,5
2,1,1,232,16
2,1,2,336,26
2,1,1,222,20
2,1,1,91,5
2,1,1,593,51
2,1,1,131,13
2,1,1,136,12
2,1,1,211,15
2,1,1,114,8
2,1,1,252,26
2,1,2,267,27
2,1,1,398,28
2,1,1,357,21
2,1,1,226,20
2,1,1,136,14
2,1,1,675,45
2,1,1,114,4
2,1,1,104,8
2,1,1,86,6
2,1,1,154,12
2,1,1,64,8
2,1,1,21,5
2,1,1,92,10
2,1,1,42,6
2,1,1,438,34
2,1,1,144,14
2,1,1,272,18
2,1,2,138,6
2,1,2,348,22
2,1,2,443,35
2,1,1,175,15
2,1,1,170,20
2,1,1,184,18
2,1,1,160,6
2,1,1,246,24
2,1,2,314,30
2,1,1,74,8
2,1,1,229,11
2,1,1,165,17
2,1,1,53,5
2,1,1,88,6
2,1,1,274,20
2,1,2,501,33
2,1,1,62,4
2,1,1,369,25
2,1,1,68,4
2,1,1,39,5
2,1,1,385,31
2,1,2,103,9
2,1,1,428,36
2,1,1,134,16
2,1,1,265,15
2,1,1,289,15
2,1,1,150,18
2,1,2,56,4
2,1,1,455,37
2,1,1,240,18
2,1,1,114,10
2,1,2,88,11
2,1,1,194,18
2,1,1,53,5
2,1,2,296,18
2,1,1,173,19
2,1,1,71,9
2,1,1,94,8
2,1,1,288,30
2,1,1,415,23
2,1,1,123,7
2,1,2,275,18
2,1,1,147,15
2,1,1,85,9
2,1,1,107,9
2,1,2,152,14
2,1,1,76,6
2,1,1,284,22
2,1,1,234,16
2,1,1,73,7
2,1,2,146,8
2,1,1,149,11
2,2,2,557,35
2,2,1,235,17
2,2,2,179,17
2,2,1,161,11
2,2,2,79,3
2,2,2,113,7
2,2,1,96,6
2,2,2,206,19
2,2,1,639,43
2,2,2,173,17
2,2,2,67,3
2,2,1,77,9
2,2,1,154,12
2,2,1,315,23
2,2,2,157,9
2,2,2,173,13
2,2,1,477,29
2,2,2,132,10
2,2,1,303,19
2,2,2,131,11
2,2,1,59,3
2,2,2,64,6
2,2,2,212,16
2,2,2,38,2
2,2,1,33,5
2,2,2,431,33
2,2,1,53,5
2,2,1,223,27
2,2,1,38,4
2,2,2,219,25
2,2,2,630,38
2,2,2,94,6
2,2,2,341,17
2,2,1,571,45
2,2,1,176,16
2,2,2,190,22
2,2,2,249,23
2,2,1,156,8
2,2,2,253,17
2,2,1,73,7
2,2,2,482,28
2,2,1,79,5
2,2,1,295,21
2,2,2,206,18
2,2,1,180,18
2,2,1,866,70
2,2,1,365,21
2,2,2,395,31
2,2,2,278,16
2,2,2,698,54
2,2,2,154,10
2,2,1,95,7
2,2,2,280,18
2,2,2,89,7
2,2,1,102,8
2,2,1,107,11
2,2,1,135,11
2,2,2,240,16
2,2,2,156,14
2,2,2,248,22
2,2,1,115,9
2,2,2,84,2
2,2,2,300,14
2,2,1,32,3
2,2,1,45,3
2,2,2,139,11
2,2,1,157,11
2,2,2,442,36
2,2,1,128,10
2,2,2,176,10
2,2,1,444,36
2,2,1,196,18
2,2,2,145,3
2,2,1,65,3
2,2,2,90,10
2,2,2,143,9
2,2,2,386,30
2,2,2,87,7
2,2,1,143,11
2,2,2,185,15
2,2,2,114,14
2,2,1,132,8
2,2,1,394,28
2,2,1,225,17
2,2,1,314,22
2,2,1,295,31
2,2,1,97,7
2,2,1,427,35
2,2,1,489,31
2,2,2,135,11
2,2,1,128,10
2,2,1,404,36
2,2,2,175,11
2,2,2,274,18
2,2,1,70,6
2,2,2,279,19
2,2,1,264,18
2,2,2,54,4
2,2,1,44,6
2,2,2,232,24
3,0,1,2600,8
3,0,1,2600,23
3,0,1,2600,6
3,0,1,339,13
3,0,1,1049,23
3,0,1,2600,18
3,0,1,2600,11
3,0,1,141,7
3,0,1,1305,11
3,0,1,2600,6
3,0,1,629,11
3,0,1,2600,24
3,0,1,199,3
3,0,1,2600,16
3,0,1,880,15
3,0,1,2600,2
3,0,1,2600,5
3,0,1,2600,11
3,0,1,2600,16
3,0,1,2600,16
3,0,1,2600,8
3,0,1,650,11
3,0,1,2600,8
3,0,1,2600,13
3,0,1,775,17
3,0,1,2600,34
3,0,1,676,12
3,0,1,922,16
3,0,1,2600,8
3,0,1,2600,25
3,0,1,963,15
3,0,1,63,5
3,0,1,2600,11
3,0,1,2600,19
3,0,1,2600,19
3,0,2,2600,9
3,0,1,1004,20
3,0,1,2600,8
3,0,1,2600,7
3,0,1,2600,3
3,0,1,1323,30
3,0,2,2600,19
3,0,1,2600,18
3,0,1,2600,4
3,0,1,1953,25
3,0,1,619,12
3,0,1,2600,6
3,0,1,1751,23
3,0,1,400,23
3,0,1,251,11
3,0,1,2600,3
3,0,1,2600,2
3,0,1,2600,13
3,0,1,954,10
3,0,1,2600,4
3,0,1,2600,7
3,0,1,2600,13
3,0,1,1232,16
3,0,1,1364,20
3,0,1,2600,15
3,0,1,2600,10
3,0,1,73,5
3,0,1,259,11
3,0,2,2600,4
3,0,2,2600,9
3,0,1,622,20
3,0,1,1167,17
3,0,1,1284,24
3,0,1,1106,18
3,0,1,2600,13
3,0,1,2600,10
3,0,1,2600,16
3,0,1,1375,19
3,0,1,2600,5
3,0,1,2600,16
3,0,1,914,12
3,0,1,2600,13
3,0,1,2600,6
3,0,1,1005,33
3,0,1,508,12
3,0,1,192,8
3,0,1,2600,19
3,0,1,2600,20
3,0,1,2600,16
3,0,1,695,15
3,0,1,814,13
3,0,1,2600,7
3,0,1,699,25
3,0,1,2600,12
3,0,1,721,17
3,0,1,2600,19
3,0,1,2600,14
3,0,1,313,12
3,0,1,2600,26
3,0,1,2600,9
3,0,2,2600,8
3,0,1,1344,8
3,0,1,2600,15
3,0,1,2600,21
3,0,1,113,9
3,1,1,108,12
3,1,1,117,5
3,1,2,82,6
3,1,2,361,23
3,1,1,449,33
3,1,1,201,7
3,1,1,388,26
3,1,1,91,7
3,1,1,62,4
3,1,1,272,22
3,1,1,125,13
3,1,1,235,13
3,1,1,241,23
3,1,1,32,4
3,1,1,338,28
3,1,1,79,5
3,1,1,111,5
3,1,1,140,14
3,1,1,548,36
3,1,2,122,8
3,1,1,170,13
3,1,1,179,15
3,1,2,119,8
3,1,1,347,29
3,1,1,224,14
3,1,1,259,23
3,1,1,110,10
3,1,2,188,12
3,1,1,118,6
3,1,1,189,11
3,1,1,418,34
3,1,2,129,7
3,1,1,59,6
3,1,1,389,27
3,1,1,168,12
3,1,2,25,3
3,1,1,120,4
3,1,2,317,15
3,1,1,67,3
3,1,1,374,32
3,1,1,42,4
3,1,1,108,8
3,1,2,101,2
3,1,1,114,16
3,1,1,206,12
3,1,1,92,9
3,1,1,59,5
3,1,2,172,9
3,1,2,267,27
3,1,2,257,13
3,1,1,159,9
3,1,2,209,11
3,1,1,405,27
3,1,1,49,3
3,1,1,117,11
3,1,1,213,11
3,1,1,56,6
3,1,1,377,29
3,1,1,372,28
3,1,1,91,7
3,1,1,300,34
3,1,1,213,15
3,1,1,147,13
3,1,1,43,3
3,1,2,146,8
3,1,1,232,22
3,1,1,41,3
3,1,1,363,27
3,1,1,38,4
3,1,2,110,8
3,1,1,142,12
3,1,1,140,8
3,1,1,134,6
3,1,1,80,2
3,1,1,210,24
3,1,1,270,22
3,1,1,143,11
3,1,1,147,9
3,1,2,79,7
3,1,1,146,12
3,1,1,460,34
3,1,1,235,21
3,1,1,86,6
3,1,1,166,16
3,1,2,121,11
3,1,1,177,11
3,1,1,174,12
3,1,1,446,42
3,1,1,188,10
3,1,1,342,26
3,1,1,401,25
3,1,1,373,29
3,1,1,83,11
3,1,2,98,4
3,1,2,293,21
3,1,1,153,12
3,1,2,246,20
3,1,2,111,3
3,1,1,371,27
3,1,1,151,15
3,2,1,135,9
3,2,1,52,0
3,2,1,57,3
3,2,1,71,5
3,2,1,247,17
3,2,1,187,11
3,2,1,467,39
3,2,2,390,22
3,2,1,445,35
3,2,1,120,10
3,2,2,57,3
3,2,2,110,11
3,2,2,312,18
3,2,2,605,33
3,2,1,220,14
3,2,2,118,10
3,2,2,138,14
3,2,1,267,18
3,2,2,478,32
3,2,2,35,3
3,2,2,249,17
3,2,1,175,11
3,2,1,187,17
3,2,1,117,7
3,2,2,50,4
3,2,2,70,4
3,2,1,71,7
3,2,2,121,7
3,2,2,303,15
3,2,2,109,6
3,2,1,233,15
3,2,2,760,46
3,2,2,46,4
3,2,2,413,31
3,2,1,119,15
3,2,2,342,22
3,2,1,134,10
3,2,1,510,42
3,2,2,204,14
3,2,1,66,4
3,2,1,49,7
3,2,1,43,3
3,2,2,281,17
3,2,2,179,15
3,2,2,119,9
3,2,1,304,24
3,2,1,326,26
3,2,1,326,24
3,2,1,400,30
3,2,2,151,13
3,2,1,212,18
3,2,2,206,21
3,2,2,508,36
3,2,1,95,6
3,2,1,81,7
3,2,1,354,28
3,2,2,169,16
3,2,1,64,2
3,2,2,156,12
3,2,1,154,10
3,2,2,97,7
3,2,2,56,6
3,2,1,640,42
3,2,2,740,60
3,2,2,103,5
3,2,1,69,5
3,2,2,371,27
3,2,2,217,11
3,2,1,909,67
3,2,2,290,22
3,2,1,244,22
3,2,1,196,18
3,2,1,109,9
3,2,1,223,11
3,2,2,86,4
3,2,1,64,4
3,2,1,91,5
3,2,1,393,37
3,2,2,547,33
3,2,2,129,9
3,2,1,483,45
3,2,1,55,5
3,2,2,692,58
3,2,2,424,42
3,2,2,216,16
3,2,2,244,14
3,2,1,174,12
3,2,1,629,43
3,2,2,74,10
3,2,2,43,5
3,2,2,98,8
3,2,1,169,11
3,2,2,283,23
3,2,2,222,14
3,2,1,453,35
3,2,2,172,18
3,2,1,134,10
3,2,2,488,38
3,2,1,58,4
3,2,2,229,17
3,3,1,243,19
3,3,2,111,7
3,3,2,248,16
3,3,2,81,5
3,3,2,125,13
3,3,1,100,8
3,3,2,107,7
3,3,2,55,5
3,3,2,333,29
3,3,2,165,19
3,3,2,408,38
3,3,1,105,3
3,3,2,207,15
3,3,2,123,9
3,3,2,56,6
3,3,2,142,13
3,3,2,362,26
3,3,2,658,47
3,3,1,139,15
3,3,1,176,10
3,3,1,235,27
3,3,1,423,31
3,3,2,563,41
3,3,2,125,10
3,3,1,142,12
3,3,2,163,7
3,3,2,178,10
3,3,2,120,8
3,3,1,125,15
3,3,2,372,35
3,3,2,129,9
3,3,2,73,7
3,3,2,134,12
3,3,1,48,4
3,3,1,623,49
3,3,1,395,27
3,3,1,30,6
3,3,2,128,8
3,3,2,113,9
3,3,1,109,7
3,3,2,150,13
3,3,1,801,57
3,3,2,170,12
3,3,1,42,6
3,3,2,59,5
3,3,2,245,23
3,3,2,55,5
3,3,1,630,48
3,3,2,223,13
3,3,1,322,26
3,3,1,148,9
3,3,1,126,12
3,3,2,89,5
3,3,2,127,11
3,3,2,192,14
3,3,2,173,9
3,3,2,118,14
3,3,1,88,12
3,3,2,286,18
3,3,1,147,7
3,3,1,172,8
3,3,1,572,50
3,3,2,85,7
3,3,2,74,10
3,3,1,89,7
3,3,2,166,10
3,3,2,187,15
3,3,1,132,12
3,3,1,110,8
3,3,2,266,14
3,3,2,191,11
3,3,2,321,21
3,3,1,243,19
3,3,1,130,8
3,3,2,122,9
3,3,2,198,18
3,3,2,33,3
3,3,2,166,18
3,3,1,224,24
3,3,1,272,16
3,3,1,212,16
3,3,2,197,15
3,3,2,174,12
3,3,1,217,17
3,3,2,563,47
3,3,1,45,3
3,3,1,787,55
3,3,2,133,15
3,3,2,289,21
3,3,1,315,29
3,3,1,103,5
3,3,2,171,11
3,3,1,85,7
3,3,2,40,0
3,3,2,197,21
3,3,1,53,5
3,3,2,635,47
3,3,1,239,15
3,3,2,80,8
3,3,1,361,27
3,3,1,66,4
3,3,1,61,7
3,3,2,65,7
3,3,2,176,16
3,3,2,544,42
3,3,1,352,32
3,3,1,115,13
3,3,1,40,4
3,3,2,192,10
3,3,1,359,23
3,3,2,86,8
3,3,2,70,6
3,3,2,110,12
3,3,1,108,6
3,3,1,110,8
3,3,2,85,5
3,3,2,225,23
3,3,1,192,14
3,3,2,133,9
3,3,2,142,12
3,3,1,164,6
3,3,1,63,3
3,3,2,620,54
3,3,1,159,13
3,3,1,268,20
3,3,2,114,10
3,3,1,50,2
3,3,1,95,9
3,3,2,137,17
3,3,1,85,5
3,3,1,429,29
3,3,2,281,23
3,3,1,433,31
3,3,2,362,28
3,3,1,305,29
3,3,2,92,6
3,3,1,242,14
3,3,1,124,12
3,3,2,125,10
3,3,1,270,22
3,3,2,75,7
3,3,2,120,8
3,3,2,107,5
3,3,2,680,34
3,3,1,331,29
3,3,1,53,3
3,3,1,529,49
3,3,2,108,6
3,3,2,336,22
3,3,1,111,7
3,3,1,216,16
3,3,1,38,4
3,3,2,413,29
3,3,1,127,9
3,3,1,682,56
3,3,1,345,29
3,3,2,237,17
3,3,2,237,17
3,3,1,723,53
3,3,2,84,8
3,3,2,181,13
3,3,2,117,5
3,3,1,59,1
3,3,1,268,20
3,3,1,91,9
3,3,2,466,38
3,3,1,215,20
3,3,2,50,4
3,3,1,335,29
3,3,1,283,19
3,3,1,643,51
3,3,1,171,19
3,3,1,258,30
3,3,1,246,16
3,3,2,88,10
3,3,2,183,13
3,3,1,153,9
3,3,1,233,15
3,3,1,126,6
3,3,2,236,30
3,3,1,90,4
3,3,1,168,13
3,3,1,329,26
3,3,1,122,8
3,3,1,110,6
3,3,1,210,10
3,3,1,114,6
3,3,1,25,5
3,3,2,226,17
3,3,2,122,8
3,3,2,66,4
3,3,2,163,7
3,3,1,169,11
3,3,2,606,42
3,3,1,82,4
3,3,2,69,7
3,3,2,75,5
3,3,1,119,9
3,3,1,112,6
3,3,1,59,5
0 c,0,2,2600,13
0 c,0,1,2600,3
0 c,0,1,2600,14
0 c,0,1,2600,22
0 c,0,1,2600,7
0 c,0,1,2600,4
0 c,0,1,2600,6
0 c,0,1,2600,4
0 c,0,2,2600,24
0 c,0,1,2600,29
0 c,0,1,2600,3
0 c,0,1,2600,8
0 c,0,1,2600,12
0 c,0,1,2600,30
0 c,0,1,2600,6
0 c,0,1,2600,17
0 c,0,1,2600,7
0 c,0,1,2600,6
0 c,0,2,59,3
0 c,0,2,2600,18
0 c,0,1,2600,11
0 c,0,1,2600,7
0 c,0,1,2600,3
0 c,0,2,2600,6
0 c,0,1,2600,7
0 c,0,2,2600,14
0 c,0,1,2600,5
0 c,0,1,2600,43
0 c,0,2,2600,18
0 c,0,1,2600,6
0 c,0,2,2600,12
0 c,0,2,64,6
0 c,0,1,2600,3
0 c,0,2,2600,15
0 c,0,2,2600,9
0 c,0,2,2600,7
0 c,0,1,2600,5
0 c,0,1,2600,22
0 c,0,1,2600,11
0 c,0,1,2600,3
0 c,0,2,2600,6
0 c,0,1,2600,8
0 c,0,1,2600,9
0 c,0,1,2600,6
0 c,0,2,2600,6
0 c,0,1,2600,21
0 c,0,1,2600,8
0 c,0,1,2600,10
0 c,0,2,2600,20
0 c,0,1,2600,2
0 c,0,2,282,10
0 c,0,1,2600,8
0 c,0,1,2600,7
0 c,0,1,2600,17
0 c,0,1,2600,44
0 c,0,1,2600,32
0 c,0,1,2600,39
0 c,0,2,2600,36
0 c,0,1,2600,2
0 c,0,1,2600,3
0 c,0,1,2600,24
0 c,0,1,2600,3
0 c,0,1,2600,6
0 c,0,2,2600,9
0 c,0,1,2600,8
0 c,0,1,2600,28
0 c,0,2,2600,6
0 c,0,1,2600,2
0 c,0,1,2600,5
0 c,0,2,2600,16
0 c,0,2,2600,17
0 c,0,2,2368,26
0 c,0,2,2600,28
0 c,0,1,2600,6
0 c,0,1,2600,14
0 c,0,1,2600,3
0 c,0,1,2600,9
0 c,0,1,2600,11
0 c,0,1,2600,12
0 c,0,2,2600,22
0 c,0,1,2600,108
0 c,0,1,2600,7
0 c,0,2,2600,15
0 c,0,1,2600,24
0 c,0,1,2600,4
0 c,0,2,2600,16
0 c,0,1,2600,7
0 c,0,1,2600,4
0 c,0,1,2600,12
0 c,0,1,2600,4
0 c,0,1,2600,19
0 c,0,1,2600,21
0 c,0,1,2600,8
0 c,0,1,2600,3
0 c,0,2,2600,22
0 c,0,1,2600,22
0 c,0,1,2600,20
0 c,0,1,2600,18
0 c,0,2,2600,9
0 c,0,1,2600,1
0 c,1,2,83,5
0 c,1,1,2600,5
0 c,1,1,2600,6
0 c,1,1,2600,7
0 c,1,1,2600,15
0 c,1,2,322,11
0 c,1,1,2600,13
0 c,1,2,2600,28
0 c,1,1,2600,44
0 c,1,1,2600,41
0 c,1,2,2600,17
0 c,1,2,2600,6
0 c,1,1,2600,45
0 c,1,2,2600,27
0 c,1,2,2600,11
0 c,1,2,2600,15
0 c,1,1,2600,3
0 c,1,1,2600,4
0 c,1,1,2600,58
0 c,1,1,2600,5
0 c,1,1,2600,4
0 c,1,1,2600,5
0 c,1,2,2600,14
0 c,1,1,2600,41
0 c,1,2,2600,15
0 c,1,2,2600,6
0 c,1,1,2600,13
0 c,1,2,2600,39
0 c,1,2,2600,6
0 c,1,2,2600,18
0 c,1,2,2600,65
0 c,1,1,2600,1
0 c,1,1,2600,8
0 c,1,1,2600,4
0 c,1,1,2600,5
0 c,1,2,124,8
0 c,1,1,2600,6
0 c,1,1,2600,10
0 c,1,1,2600,4
0 c,1,1,2600,6
0 c,1,2,2600,18
0 c,1,1,2600,28
0 c,1,2,2600,7
0 c,1,2,2600,26
0 c,1,1,2600,10
0 c,1,2,2600,23
0 c,1,1,2600,3
0 c,1,1,2600,13
0 c,1,2,2600,26
0 c,1,1,2600,6
0 c,1,1,2600,12
0 c,1,1,2600,5
0 c,1,2,2600,11
0 c,1,2,2600,19
0 c,1,1,2600,10
0 c,1,2,2600,27
0 c,1,2,78,8
0 c,1,1,2600,2
0 c,1,1,2600,13
0 c,1,1,2600,3
0 c,1,2,2600,27
0 c,1,1,2600,49
0 c,1,2,358,6
0 c,1,1,2600,10
0 c,1,1,2600,7
0 c,1,1,2600,7
0 c,1,1,2600,7
0 c,1,1,2600,3
0 c,1,1,2600,8
0 c,1,1,2600,56
0 c,1,1,2600,4
0 c,1,1,2600,4
0 c,1,1,2600,29
0 c,1,1,2600,10
0 c,1,1,2600,4
0 c,1,2,2600,14
0 c,1,2,219,9
0 c,1,2,830,13
0 c,1,1,2600,53
0 c,1,1,2600,5
0 c,1,2,2600,6
0 c,1,1,2600,14
0 c,1,2,2600,20
0 c,1,2,2600,26
0 c,1,2,2600,11
0 c,1,2,2600,16
0 c,1,2,2600,21
0 c,1,1,2600,5
0 c,1,1,2600,5
0 c,1,1,2600,3
0 c,1,2,905,18
0 c,1,1,2600,10
0 c,1,1,2600,55
0 c,1,1,2600,6
0 c,1,2,2600,34
0 c,1,1,2600,145
0 c,1,2,2600,8
0 c,1,2,2600,6
0 c,1,1,2600,10
0 c,1,1,2600,3
1 c,1,2,126,8
1 c,1,1,25,1
1 c,1,1,76,6
1 c,1,2,288,18
1 c,1,1,26,0
1 c,1,1,109,9
1 c,1,1,73,5
1 c,1,1,23,3
1 c,1,1,25,1
1 c,1,1,54,6
1 c,1,2,166,18
1 c,1,1,60,8
1 c,1,2,82,6
1 c,1,2,233,17
1 c,1,2,83,9
1 c,1,1,40,2
1 c,1,2,104,8
1 c,1,2,128,8
1 c,1,2,132,10
1 c,1,1,35,1
1 c,1,1,22,4
1 c,1,1,25,1
1 c,1,2,91,5
1 c,1,1,55,9
1 c,1,1,24,2
1 c,1,1,25,1
1 c,1,1,28,4
1 c,1,2,132,6
1 c,1,2,129,9
1 c,1,1,81,5
1 c,1,2,90,4
1 c,1,1,129,11
1 c,1,2,310,20
1 c,1,1,25,1
1 c,1,2,230,16
1 c,1,1,25,1
1 c,1,1,104,4
1 c,1,2,118,10
1 c,1,2,86,6
1 c,1,2,200,12
1 c,1,1,25,1
1 c,1,2,107,3
1 c,1,2,207,17
1 c,1,1,24,2
1 c,1,1,26,0
1 c,1,1,22,4
1 c,1,1,25,1
1 c,1,1,59,5
1 c,1,2,110,8
1 c,1,2,115,7
1 c,1,1,39,5
1 c,1,1,232,22
1 c,1,2,120,8
1 c,1,1,31,3
1 c,1,2,59,9
1 c,1,1,26,0
1 c,1,2,267,17
1 c,1,1,173,15
1 c,1,1,47,5
1 c,1,2,71,7
1 c,1,1,24,2
1 c,1,1,89,3
1 c,1,1,30,0
1 c,1,2,181,15
1 c,1,1,82,6
1 c,1,2,270,18
1 c,1,2,209,19
1 c,1,2,419,27
1 c,1,1,24,2
1 c,1,2,150,6
1 c,1,1,139,13
1 c,1,1,305,21
1 c,1,2,102,14
1 c,1,2,193,17
1 c,1,2,275,15
1 c,1,2,344,18
1 c,1,1,46,2
1 c,1,2,104,8
1 c,1,2,76,4
1 c,1,1,37,1
1 c,1,2,169,9
1 c,1,2,33,1
1 c,1,2,191,13
1 c,1,1,30,0
1 c,1,2,100,8
1 c,1,1,24,2
1 c,1,1,78,4
1 c,1,2,179,9
1 c,1,1,147,13
1 c,1,2,212,10
1 c,1,1,72,4
1 c,1,2,280,14
1 c,1,2,55,3
1 c,1,1,25,1
1 c,1,1,23,3
1 c,1,1,24,2
1 c,1,1,24,2
1 c,1,1,26,4
1 c,1,1,141,9
1 c,1,1,24,2
2 c,0,1,24,2
2 c,0,1,33,5
2 c,0,1,294,20
2 c,0,1,187,13
2 c,0,1,23,3
2 c,0,1,26,1
2 c,0,1,25,1
2 c,0,1,28,4
2 c,0,1,25,1
2 c,0,1,35,1
2 c,0,2,96,6
2 c,0,1,25,1
2 c,0,2,47,3
2 c,0,1,225,13
2 c,0,1,62,2
2 c,0,1,88,2
2 c,0,1,128,11
2 c,0,1,26,0
2 c,0,1,154,5
2 c,0,1,117,9
2 c,0,1,26,0
2 c,0,1,85,5
2 c,0,1,64,2
2 c,0,1,26,2
2 c,0,1,27,1
2 c,0,1,85,7
2 c,0,1,26,0
2 c,0,1,345,26
2 c,0,1,25,1
2 c,0,1,25,1
2 c,0,1,138,12
2 c,0,2,124,6
2 c,0,1,46,4
2 c,0,1,164,20
2 c,0,1,112,8
2 c,0,2,198,12
2 c,0,1,221,15
2 c,0,1,52,4
2 c,0,1,120,6
2 c,0,2,135,5
2 c,0,1,25,1
2 c,0,1,60,2
2 c,0,1,24,3
2 c,0,2,110,6
2 c,0,2,214,16
2 c,0,1,71,8
2 c,0,1,92,6
2 c,0,1,25,1
2 c,0,1,410,18
2 c,0,1,90,3
2 c,0,1,76,2
2 c,0,2,233,13
2 c,0,1,133,7
2 c,0,1,386,26
2 c,0,1,224,10
2 c,0,1,30,2
2 c,0,1,141,9
2 c,0,1,26,0
2 c,0,1,92,3
2 c,0,1,25,1
2 c,0,1,87,9
2 c,0,1,24,1
2 c,0,1,77,7
2 c,0,1,72,8
2 c,0,1,121,5
2 c,0,1,25,1
2 c,0,1,24,2
2 c,0,1,25,1
2 c,0,1,24,1
2 c,0,2,224,14
2 c,0,1,24,2
2 c,0,2,121,9
2 c,0,1,56,6
2 c,0,1,119,11
2 c,0,1,25,1
2 c,0,1,282,15
2 c,0,1,25,1
2 c,0,1,107,13
2 c,0,1,133,11
2 c,0,1,84,10
2 c,0,2,458,30
2 c,0,1,209,15
2 c,0,1,25,5
2 c,0,1,51,3
2 c,0,1,235,15
2 c,0,1,140,12
2 c,0,1,119,9
2 c,0,1,28,4
2 c,0,1,25,1
2 c,0,1,119,9
2 c,0,1,25,1
2 c,0,1,62,2
2 c,0,2,142,12
2 c,0,1,153,15
2 c,0,1,24,2
2 c,0,1,24,2
2 c,0,1,97,17
2 c,0,1,24,2
2 c,0,1,24,0
2 c,0,1,79,5
2 c,1,1,28,2
2 c,1,1,220,20
2 c,1,1,71,5
2 c,1,1,83,5
2 c,1,1,33,3
2 c,1,1,25,1
2 c,1,1,139,11
2 c,1,1,492,44
2 c,1,1,24,2
2 c,1,1,207,21
2 c,1,1,74,4
2 c,1,1,26,2
2 c,1,1,24,2
2 c,1,1,75,5
2 c,1,1,28,2
2 c,1,1,362,26
2 c,1,2,274,14
2 c,1,1,83,9
2 c,1,1,25,1
2 c,1,1,145,11
2 c,1,1,280,24
2 c,1,1,26,0
2 c,1,1,119,11
2 c,1,1,23,3
2 c,1,2,141,7
2 c,1,2,105,5
2 c,1,1,156,18
2 c,1,1,24,2
2 c,1,2,214,12
2 c,1,1,158,10
2 c,1,1,54,6
2 c,1,1,89,7
2 c,1,1,82,6
2 c,1,1,23,3
2 c,1,1,23,3
2 c,1,1,26,2
2 c,1,2,232,20
2 c,1,1,34,4
2 c,1,1,150,14
2 c,1,1,182,10
2 c,1,1,272,20
2 c,1,1,31,5
2 c,1,1,158,10
2 c,1,1,24,2
2 c,1,1,24,2
2 c,1,1,102,8
2 c,1,2,279,25
2 c,1,1,323,27
2 c,1,1,25,1
2 c,1,1,50,2
2 c,1,1,25,1
2 c,1,1,25,1
2 c,1,1,23,3
2 c,1,1,24,2
2 c,1,1,327,25
2 c,1,2,107,11
2 c,1,2,175,11
2 c,1,1,24,2
2 c,1,1,222,14
2 c,1,2,462,34
2 c,1,1,23,3
2 c,1,1,23,3
2 c,1,1,88,14
2 c,1,2,111,9
2 c,1,1,121,7
2 c,1,2,147,11
2 c,1,1,50,2
2 c,1,2,212,12
2 c,1,1,23,3
2 c,1,2,80,8
2 c,1,1,25,3
2 c,1,1,109,7
2 c,1,1,25,1
2 c,1,1,23,3
2 c,1,1,25,1
2 c,1,1,59,5
2 c,1,2,231,19
2 c,1,2,222,14
2 c,1,1,26,2
2 c,1,1,92,4
2 c,1,1,113,13
2 c,1,1,24,2
2 c,1,1,95,9
2 c,1,1,25,1
2 c,1,2,86,6
2 c,1,2,190,16
2 c,1,1,78,6
2 c,1,1,31,3
2 c,1,1,23,3
2 c,1,1,64,4
2 c,1,1,39,3
2 c,1,1,108,8
2 c,1,1,177,13
2 c,1,1,25,3
2 c,1,2,254,12
2 c,1,1,27,1
2 c,1,1,269,15
2 c,1,1,53,5
2 c,1,2,296,16
2 c,1,2,358,16
2 c,2,2,131,9
2 c,2,1,145,11
2 c,2,2,278,16
2 c,2,2,249,23
2 c,2,1,25,1
2 c,2,1,112,8
2 c,2,1,79,7
2 c,2,2,129,9
2 c,2,2,147,11
2 c,2,1,29,1
2 c,2,1,26,2
2 c,2,1,87,7
2 c,2,2,245,21
2 c,2,2,224,14
2 c,2,2,81,7
2 c,2,2,47,3
2 c,2,1,364,20
2 c,2,2,188,10
2 c,2,2,194,14
2 c,2,1,64,6
2 c,2,2,106,8
2 c,2,2,93,7
2 c,2,2,160,6
2 c,2,1,101,7
2 c,2,1,163,7
2 c,2,2,189,19
2 c,2,2,203,11
2 c,2,2,124,14
2 c,2,2,102,8
2 c,2,1,167,11
2 c,2,1,64,2
2 c,2,2,132,8
2 c,2,1,206,12
2 c,2,1,63,5
2 c,2,1,181,15
2 c,2,1,155,15
2 c,2,1,31,3
2 c,2,1,71,7
2 c,2,2,165,11
2 c,2,1,266,18
2 c,2,2,215,17
2 c,2,1,129,9
2 c,2,2,68,6
2 c,2,2,114,10
2 c,2,1,90,4
2 c,2,1,125,7
2 c,2,2,100,12
2 c,2,2,58,6
2 c,2,1,32,0
2 c,2,1,22,4
2 c,2,1,183,19
2 c,2,2,121,5
2 c,2,2,241,15
2 c,2,1,104,6
2 c,2,1,53,5
2 c,2,2,228,16
2 c,2,2,55,7
2 c,2,2,153,9
2 c,2,1,22,4
2 c,2,2,66,10
2 c,2,1,171,13
2 c,2,1,51,3
2 c,2,2,168,12
2 c,2,2,124,8
2 c,2,1,161,13
2 c,2,2,94,10
2 c,2,2,156,16
2 c,2,2,122,11
2 c,2,2,133,5
2 c,2,1,86,6
2 c,2,1,58,6
2 c,2,1,61,3
2 c,2,2,63,5
2 c,2,1,97,7
2 c,2,2,73,5
2 c,2,2,137,6
2 c,2,1,148,14
2 c,2,1,59,3
2 c,2,1,25,1
2 c,2,1,23,3
2 c,2,1,24,2
2 c,2,2,272,20
2 c,2,1,131,7
2 c,2,1,24,2
2 c,2,2,231,13
2 c,2,1,23,3
2 c,2,1,132,12
2 c,2,1,28,2
2 c,2,1,78,4
2 c,2,2,98,12
2 c,2,2,117,13
2 c,2,1,181,13
2 c,2,2,182,10
2 c,2,1,143,9
2 c,2,2,183,11
2 c,2,1,24,2
2 c,2,1,35,3
2 c,2,2,225,13
2 c,2,2,72,4
2 c,2,2,94,6
3 c,0,1,25,1
3 c,0,1,205,17
3 c,0,1,31,1
3 c,0,2,308,16
3 c,0,2,225,9
3 c,0,1,25,1
3 c,0,1,25,1
3 c,0,1,295,27
3 c,0,1,64,1
3 c,0,1,96,8
3 c,0,1,23,3
3 c,0,2,181,7
3 c,0,2,211,9
3 c,0,1,123,9
3 c,0,1,53,5
3 c,0,1,24,2
3 c,0,1,35,1
3 c,0,1,36,2
3 c,0,1,176,18
3 c,0,1,23,3
3 c,0,1,185,15
3 c,0,2,152,2
3 c,0,2,108,8
3 c,0,2,178,6
3 c,0,1,24,2
3 c,0,1,53,2
3 c,0,1,439,23
3 c,0,2,224,16
3 c,0,1,190,10
3 c,0,1,38,0
3 c,0,1,24,2
3 c,0,2,335,21
3 c,0,1,29,1
3 c,0,1,29,1
3 c,0,2,193,7
3 c,0,1,393,24
3 c,0,1,24,2
3 c,0,1,25,1
3 c,0,1,109,7
3 c,0,1,63,3
3 c,0,1,23,1
3 c,0,1,70,2
3 c,0,1,24,2
3 c,0,1,132,9
3 c,0,2,412,24
3 c,0,1,25,3
3 c,0,1,76,8
3 c,0,2,358,22
3 c,0,1,90,2
3 c,0,2,298,12
3 c,0,2,231,11
3 c,0,1,120,8
3 c,0,1,26,0
3 c,0,1,45,3
3 c,0,1,25,1
3 c,0,1,33,2
3 c,0,1,113,9
3 c,0,1,56,4
3 c,0,1,159,13
3 c,0,1,256,20
3 c,0,2,518,28
3 c,0,2,259,11
3 c,0,1,156,14
3 c,0,1,56,4
3 c,0,1,25,1
3 c,0,1,80,4
3 c,0,1,89,3
3 c,0,1,25,1
3 c,0,1,42,4
3 c,0,1,376,24
3 c,0,1,134,6
3 c,0,1,63,5
3 c,0,1,24,2
3 c,0,1,25,1
3 c,0,1,46,2
3 c,0,2,171,7
3 c,0,2,109,5
3 c,0,1,24,1
3 c,0,1,114,8
3 c,0,1,25,1
3 c,0,1,69,3
3 c,0,1,162,14
3 c,0,1,34,2
3 c,0,2,212,10
3 c,0,1,23,3
3 c,0,1,24,1
3 c,0,1,48,2
3 c,0,1,154,11
3 c,0,1,180,18
3 c,0,1,185,7
3 c,0,1,23,3
3 c,0,1,162,8
3 c,0,1,515,35
3 c,0,1,22,2
3 c,0,1,24,2
3 c,0,1,103,7
3 c,0,1,31,1
3 c,0,1,25,2
3 c,0,1,55,4
3 c,0,1,27,1
3 c,1,1,25,1
3 c,1,1,40,2
3 c,1,1,32,2
3 c,1,1,192,14
3 c,1,1,116,8
3 c,1,1,26,0
3 c,1,2,94,10
3 c,1,2,100,9
3 c,1,1,100,10
3 c,1,1,43,5
3 c,1,1,24,2
3 c,1,1,25,3
3 c,1,1,26,0
3 c,1,2,80,8
3 c,1,1,26,0
3 c,1,1,33,1
3 c,1,1,25,1
3 c,1,2,184,6
3 c,1,2,265,15
3 c,1,1,55,5
3 c,1,1,78,6
3 c,1,2,152,10
3 c,1,1,255,15
3 c,1,1,30,2
3 c,1,1,132,8
3 c,1,1,112,4
3 c,1,1,159,13
3 c,1,1,24,2
3 c,1,1,25,3
3 c,1,1,24,2
3 c,1,1,26,2
3 c,1,2,202,11
3 c,1,1,26,0
3 c,1,1,25,1
3 c,1,1,26,2
3 c,1,1,47,5
3 c,1,1,86,6
3 c,1,1,274,14
3 c,1,1,33,1
3 c,1,1,24,2
3 c,1,1,24,2
3 c,1,1,99,7
3 c,1,1,31,5
3 c,1,1,397,39
3 c,1,1,23,3
3 c,1,1,239,11
3 c,1,1,24,2
3 c,1,2,299,21
3 c,1,1,25,1
3 c,1,1,24,2
3 c,1,1,156,10
3 c,1,1,25,3
3 c,1,1,64,2
3 c,1,1,154,12
3 c,1,1,227,11
3 c,1,1,25,1
3 c,1,1,23,3
3 c,1,1,26,0
3 c,1,1,24,2
3 c,1,2,228,14
3 c,1,1,25,1
3 c,1,1,24,2
3 c,1,1,188,16
3 c,1,1,196,16
3 c,1,2,248,14
3 c,1,1,273,15
3 c,1,2,183,7
3 c,1,2,219,13
3 c,1,1,102,12
3 c,1,1,160,10
3 c,1,1,24,2
3 c,1,1,24,2
3 c,1,1,32,2
3 c,1,1,168,12
3 c,1,2,438,30
3 c,1,1,24,2
3 c,1,1,25,1
3 c,1,1,26,0
3 c,1,1,26,0
3 c,1,1,23,3
3 c,1,1,24,2
3 c,1,2,132,8
3 c,1,1,107,7
3 c,1,1,53,9
3 c,1,1,24,2
3 c,1,1,26,0
3 c,1,2,232,14
3 c,1,1,25,3
3 c,1,2,271,21
3 c,1,2,198,14
3 c,1,1,94,8
3 c,1,1,37,3
3 c,1,1,25,1
3 c,1,1,26,2
3 c,1,1,91,5
3 c,1,1,25,1
3 c,1,1,143,9
3 c,1,1,26,2
3 c,1,1,79,5
3 c,1,2,199,11
3 c,2,2,155,3
3 c,2,1,25,1
3 c,2,1,268,22
3 c,2,1,149,11
3 c,2,2,87,5
3 c,2,2,349,25
3 c,2,2,96,4
3 c,2,2,211,17
3 c,2,2,244,22
3 c,2,1,27,1
3 c,2,1,98,8
3 c,2,2,302,18
3 c,2,1,88,6
3 c,2,2,115,11
3 c,2,1,25,1
3 c,2,1,25,1
3 c,2,2,383,21
3 c,2,2,232,18
3 c,2,2,152,9
3 c,2,1,504,30
3 c,2,1,160,6
3 c,2,2,74,4
3 c,2,1,24,2
3 c,2,1,159,15
3 c,2,1,60,4
3 c,2,2,378,28
3 c,2,1,96,6
3 c,2,1,25,1
3 c,2,1,43,3
3 c,2,1,101,7
3 c,2,1,23,3
3 c,2,1,127,7
3 c,2,2,81,5
3 c,2,1,82,6
3 c,2,2,97,9
3 c,2,1,24,2
3 c,2,1,81,5
3 c,2,2,287,21
3 c,2,2,105,7
3 c,2,2,135,9
3 c,2,2,89,5
3 c,2,2,109,5
3 c,2,1,25,1
3 c,2,2,199,12
3 c,2,2,203,13
3 c,2,2,432,32
3 c,2,2,226,18
3 c,2,1,41,3
3 c,2,2,183,25
3 c,2,1,53,5
3 c,2,2,135,15
3 c,2,1,129,9
3 c,2,1,134,8
3 c,2,1,248,16
3 c,2,2,162,10
3 c,2,1,28,0
3 c,2,2,252,20
3 c,2,1,149,15
3 c,2,2,87,11
3 c,2,1,24,2
3 c,2,2,232,22
3 c,2,1,327,25
3 c,2,1,27,3
3 c,2,1,162,10
3 c,2,1,158,12
3 c,2,1,80,10
3 c,2,2,65,6
3 c,2,2,49,3
3 c,2,2,108,8
3 c,2,2,147,7
3 c,2,1,25,1
3 c,2,2,191,9
3 c,2,2,71,5
3 c,2,2,150,6
3 c,2,1,27,1
3 c,2,1,200,20
3 c,2,2,38,2
3 c,2,2,244,18
3 c,2,1,26,0
3 c,2,1,25,1
3 c,2,1,190,12
3 c,2,2,243,16
3 c,2,2,87,7
3 c,2,1,68,6
3 c,2,2,117,7
3 c,2,1,131,11
3 c,2,1,130,8
3 c,2,1,82,4
3 c,2,2,110,10
3 c,2,2,262,13
3 c,2,2,113,7
3 c,2,2,82,10
3 c,2,2,320,22
3 c,2,1,254,20
3 c,2,2,250,18
3 c,2,2,69,5
3 c,2,2,83,7
3 c,2,1,25,1
3 c,2,2,76,2
3 c,2,2,109,7
,,,,
3 c,3,2,192,14
3 c,3,1,35,1
3 c,3,2,93,5
3 c,3,1,25,1
3 c,3,2,71,7
3 c,3,1,24,2
3 c,3,1,25,1
3 c,3,2,73,5
3 c,3,2,64,6
3 c,3,2,57,7
3 c,3,1,23,3
3 c,3,2,209,21
3 c,3,2,124,10
3 c,3,1,108,8
3 c,3,1,136,10
3 c,3,2,253,19
3 c,3,1,242,14
3 c,3,2,145,9
3 c,3,2,76,4
3 c,3,2,147,11
3 c,3,1,25,1
3 c,3,1,100,6
3 c,3,1,79,7
3 c,3,1,60,2
3 c,3,1,24,2
3 c,3,2,184,18
3 c,3,2,2600,14
3 c,3,2,175,15
3 c,3,2,74,6
3 c,3,1,24,2
3 c,3,2,160,6
3 c,3,2,438,32
3 c,3,2,95,13
3 c,3,2,187,11
3 c,3,1,52,4
3 c,3,1,165,15
3 c,3,1,185,13
3 c,3,2,231,13
3 c,3,1,211,19
3 c,3,1,25,1
3 c,3,1,31,1
3 c,3,2,230,18
3 c,3,2,329,15
3 c,3,1,25,1
3 c,3,1,174,18
3 c,3,1,25,1
3 c,3,1,145,19
3 c,3,1,36,4
3 c,3,2,231,21
3 c,3,1,46,6
3 c,3,2,122,10
3 c,3,1,142,14
3 c,3,1,26,0
3 c,3,1,57,7
3 c,3,1,24,2
3 c,3,2,166,8
3 c,3,1,323,19
3 c,3,1,27,1
3 c,3,1,66,6
3 c,3,1,104,10
3 c,3,1,95,9
3 c,3,1,56,8
3 c,3,2,277,19
3 c,3,1,25,1
3 c,3,1,25,1
3 c,3,2,73,5
3 c,3,2,106,6
3 c,3,1,102,6
3 c,3,2,392,23
3 c,3,2,59,3
3 c,3,2,83,1
3 c,3,1,54,4
3 c,3,2,127,7
3 c,3,1,28,2
3 c,3,1,358,26
3 c,3,2,109,7
3 c,3,1,23,3
3 c,3,1,25,1
3 c,3,1,64,6
3 c,3,1,41,3
3 c,3,1,156,8
3 c,3,1,77,5
3 c,3,2,234,18
3 c,3,1,27,1
3 c,3,2,78,2
3 c,3,2,185,17
3 c,3,2,66,4
3 c,3,1,170,14
3 c,3,1,48,2
3 c,3,1,49,1
3 c,3,1,65,7
3 c,3,2,56,4
3 c,3,2,226,18
3 c,3,1,26,0
3 c,3,2,72,10
3 c,3,2,2600,16
3 c,3,1,91,9
3 c,3,1,111,13
3 c,3,1,209,11
3 c,3,1,23,3
1,1,1,203,15
1,1,1,144,12
1,1,2,194,12
1,1,1,605,47
1,1,1,233,11
1,1,1,75,3
1,1,1,179,13
1,1,2,223,17
1,1,1,229,18
1,1,1,83,3
1,1,2,72,6
1,1,1,127,7
1,1,2,194,14
1,1,2,203,13
1,1,1,50,2
1,1,2,214,16
1,1,2,102,6
1,1,2,148,8
1,1,1,80,6
1,1,2,148,8
1,1,1,327,21
1,1,2,500,40
1,1,2,64,3
1,1,2,169,13
1,1,2,59,3
1,1,1,241,17
1,1,2,124,14
1,1,1,102,6
1,1,2,281,11
1,1,1,380,32
1,1,2,180,12
1,1,1,109,11
1,1,1,816,56
1,1,1,137,7
1,1,2,337,25
1,1,2,468,38
1,1,1,196,12
1,1,2,135,11
1,1,1,94,10
1,1,1,125,11
1,1,2,411,23
1,1,1,148,12
1,1,2,491,43
1,1,1,209,11
1,1,1,40,4
1,1,1,314,20
1,1,2,132,12
1,1,2,228,20
1,1,1,156,12
1,1,1,1656,124
1,1,1,76,6
1,1,1,98,4
1,1,1,52,6
1,1,2,190,12
1,1,2,492,38
1,1,2,363,33
1,1,2,240,14
1,1,2,203,13
1,1,2,245,17
1,1,2,113,7
1,1,2,550,52
1,1,1,103,7
1,1,2,71,7
1,1,2,192,16
1,1,2,148,14
1,1,1,368,26
1,1,2,416,32
1,1,2,339,27
1,1,1,75,11
1,1,2,192,16
1,1,1,385,39
1,1,2,97,7
1,1,1,366,26
1,1,2,171,13
1,1,1,287,15
1,1,2,428,30
1,1,1,340,26
1,1,2,144,12
1,1,1,635,49
1,1,2,117,3
1,1,2,535,35
1,1,1,338,26
1,1,1,101,9
1,1,2,81,3
1,1,2,107,7
1,1,2,984,74
1,1,1,357,23
1,1,1,322,24
1,1,1,535,29
1,1,1,188,16
1,1,1,566,40
1,1,2,97,9
1,1,2,58,8
1,1,2,108,6
1,1,2,100,4
1,1,1,77,9
1,1,1,278,20
1,1,1,127,9
1,1,1,210,20
1,1,2,51,5
2,0,1,235,12
2,0,1,2600,18
2,0,1,2600,11
2,0,1,2600,8
2,0,1,2600,19
2,0,1,423,9
2,0,1,2600,10
2,0,1,2600,6
2,0,1,907,9
2,0,1,2600,11
2,0,1,1557,15
2,0,1,818,18
2,0,1,718,8
2,0,1,391,5
2,0,2,2600,6
2,0,1,66,2
2,0,1,955,25
2,0,1,668,16
2,0,1,942,22
2,0,1,622,16
2,0,1,2600,8
2,0,1,60,5
2,0,1,2600,25
2,0,1,194,6
2,0,1,2600,11
2,0,1,139,5
2,0,1,900,22
2,0,1,155,7
2,0,2,2600,18
2,0,1,62,7
2,0,1,879,23
2,0,1,174,8
2,0,1,2600,30
2,0,1,427,17
2,0,1,2600,16
2,0,1,742,30
2,0,1,2600,7
2,0,1,2600,7
2,0,1,2600,12
2,0,1,63,6
2,0,1,1052,8
2,0,1,1285,33
2,0,1,2600,21
2,0,1,183,11
2,0,1,47,3
2,0,1,812,18
2,0,2,2600,5
2,0,1,2600,21
2,0,1,308,10
2,0,1,1103,11
2,0,1,76,6
2,0,1,543,11
2,0,1,561,9
2,0,1,1120,26
2,0,1,2600,15
2,0,1,2600,7
2,0,1,2600,5
2,0,2,2600,4
2,0,2,2600,14
2,0,1,1217,23
2,0,1,820,18
2,0,1,2600,22
2,0,1,303,9
2,0,1,2600,18
2,0,1,534,21
2,0,1,2600,12
2,0,1,130,7
2,0,1,1859,27
2,0,1,252,12
2,0,1,2600,6
2,0,1,2600,12
2,0,1,2600,10
2,0,1,326,10
2,0,1,1956,32
2,0,1,502,10
2,0,1,56,5
2,0,1,1293,25
2,0,1,2600,17
2,0,1,2600,26
2,0,1,2600,5
2,0,1,1915,33
2,0,1,2600,14
2,0,1,469,13
2,0,1,2129,21
2,0,1,2600,8
2,0,1,2600,8
2,0,1,2600,13
2,0,1,380,12
2,0,1,2600,16
2,0,1,2600,17
2,0,1,2600,24
2,0,1,2600,10
2,0,1,2600,12
2,0,1,597,16
2,0,1,1651,29
2,0,1,2600,20
2,0,1,200,7
2,0,1,2600,4
2,0,1,1311,25
2,0,1,762,23
2,1,1,277,29
2,1,2,174,16
2,1,2,99,3
2,1,1,75,5
2,1,1,230,16
2,1,1,142,12
2,1,1,230,18
2,1,1,81,7
2,1,1,134,6
2,1,1,205,19
2,1,1,107,5
2,1,1,153,15
2,1,2,124,6
2,1,1,305,23
2,1,1,759,61
2,1,1,164,14
2,1,1,230,18
2,1,1,30,2
2,1,1,143,9
2,1,1,231,9
2,1,2,231,17
2,1,2,101,1
2,1,1,160,20
2,1,1,423,29
2,1,2,42,2
2,1,1,97,9
2,1,1,101,5
2,1,1,243,17
2,1,1,545,41
2,1,2,100,10
2,1,1,62,6
2,1,1,93,9
2,1,2,51,3
2,1,1,191,15
2,1,1,124,12
2,1,1,55,3
2,1,1,30,4
2,1,1,228,18
2,1,1,161,13
2,1,2,119,5
2,1,1,354,30
2,1,1,140,10
2,1,1,50,4
2,1,1,59,5
2,1,2,59,3
2,1,1,416,36
2,1,1,350,12
2,1,1,534,48
2,1,1,69,5
2,1,1,83,7
2,1,1,108,8
2,1,1,221,11
2,1,2,448,38
2,1,1,144,16
2,1,1,38,2
2,1,2,345,21
2,1,1,69,5
2,1,1,69,1
2,1,1,91,9
2,1,1,66,6
2,1,1,239,27
2,1,1,375,21
2,1,1,79,5
2,1,1,392,24
2,1,1,127,13
2,1,1,242,20
2,1,1,340,26
2,1,1,94,6
2,1,1,194,16
2,1,2,183,19
2,1,2,112,10
2,1,1,231,19
2,1,1,497,43
2,1,1,104,8
2,1,1,277,25
2,1,1,196,12
2,1,1,648,38
2,1,1,28,6
2,1,1,112,10
2,1,1,217,15
2,1,2,200,10
2,1,2,358,24
2,1,1,74,10
2,1,1,48,6
2,1,1,76,6
2,1,1,186,18
2,1,2,510,40
2,1,1,215,21
2,1,2,167,11
2,1,1,75,5
2,1,1,268,28
2,1,2,97,5
2,1,1,56,2
2,1,1,54,4
2,1,1,300,18
2,1,1,55,7
2,1,1,63,1
2,1,1,187,15
2,1,1,61,5
2,1,1,153,11
2,2,1,59,1
2,2,1,63,8
2,2,2,454,30
2,2,1,56,4
2,2,1,154,14
2,2,2,110,10
2,2,2,62,4
2,2,2,611,45
2,2,2,77,5
2,2,1,188,8
2,2,2,184,14
2,2,2,331,43
2,2,1,87,5
2,2,2,474,34
2,2,2,61,3
2,2,1,121,5
2,2,2,179,9
2,2,2,160,12
2,2,1,133,7
2,2,2,171,13
2,2,1,155,17
2,2,1,61,5
2,2,2,148,8
2,2,1,364,40
2,2,1,82,6
2,2,2,111,7
2,2,1,41,5
2,2,1,218,16
2,2,2,132,14
2,2,2,63,7
2,2,1,222,22
2,2,2,58,4
2,2,2,465,33
2,2,2,291,26
2,2,1,53,5
2,2,1,262,22
2,2,1,811,51
2,2,2,540,38
2,2,2,81,9
2,2,2,47,3
2,2,2,233,17
2,2,2,499,41
2,2,1,370,26
2,2,1,147,13
2,2,2,624,56
2,2,2,141,7
2,2,2,269,29
2,2,1,291,21
2,2,2,312,28
2,2,2,117,7
2,2,2,145,11
2,2,1,122,14
2,2,1,458,32
2,2,2,645,55
2,2,1,54,2
2,2,1,306,28
2,2,1,83,7
2,2,2,75,5
2,2,1,130,6
2,2,1,195,13
2,2,1,99,7
2,2,1,168,12
2,2,1,70,4
2,2,1,144,10
2,2,2,132,10
2,2,1,501,39
2,2,2,78,6
2,2,1,281,17
2,2,2,51,3
2,2,1,125,9
2,2,1,104,4
2,2,1,199,17
2,2,1,467,43
2,2,1,258,20
2,2,2,205,13
2,2,1,105,5
2,2,1,234,22
2,2,2,890,54
2,2,2,312,18
2,2,2,111,5
2,2,2,91,11
2,2,2,73,5
2,2,1,99,7
2,2,2,263,21
2,2,1,243,17
2,2,1,262,16
2,2,1,75,7
2,2,2,411,31
2,2,1,51,3
2,2,2,669,51
2,2,2,217,19
2,2,1,207,17
2,2,1,137,10
2,2,2,397,23
2,2,1,225,17
2,2,2,64,6
2,2,1,51,7
2,2,2,255,24
2,2,2,72,4
2,2,2,153,13
3,0,1,2600,12
3,0,1,1274,16
3,0,1,2600,11
3,0,1,2600,28
3,0,1,2600,22
3,0,1,362,9
3,0,1,2600,4
3,0,2,2600,5
3,0,1,2600,10
3,0,1,2600,13
3,0,1,2600,16
3,0,1,769,20
3,0,1,2600,9
3,0,1,2600,26
3,0,1,101,5
3,0,1,2600,21
3,0,1,2600,23
3,0,1,2600,11
3,0,1,316,8
3,0,1,2600,21
3,0,1,236,14
3,0,1,2600,13
3,0,1,1563,7
3,0,1,1418,12
3,0,1,2600,9
3,0,1,462,16
3,0,1,594,10
3,0,1,2600,17
3,0,1,2600,16
3,0,1,2600,7
3,0,1,1572,22
3,0,2,2600,4
3,0,1,2600,1
3,0,1,2600,14
3,0,1,509,13
3,0,1,2600,6
3,0,1,2600,3
3,0,1,2600,28
3,0,1,2600,15
3,0,1,1607,21
3,0,1,2600,8
3,0,1,856,8
3,0,1,2600,2
3,0,1,2600,15
3,0,1,2600,7
3,0,1,304,17
3,0,1,2121,17
3,0,1,927,15
3,0,1,585,21
3,0,2,2600,1
3,0,1,2600,8
3,0,1,1098,20
3,0,1,2600,10
3,0,1,1071,13
3,0,2,2600,14
3,0,1,2600,8
3,0,1,2600,9
3,0,1,417,11
3,0,1,645,17
3,0,1,2600,10
3,0,1,711,14
3,0,1,74,5
3,0,1,2600,15
3,0,1,722,12
3,0,1,2600,9
3,0,1,2600,8
3,0,1,50,6
3,0,1,2600,22
3,0,1,2600,12
3,0,1,267,5
3,0,1,659,11
3,0,1,362,6
3,0,1,2600,11
3,0,1,922,16
3,0,1,139,7
3,0,1,398,12
3,0,1,1767,31
3,0,1,296,14
3,0,1,914,16
3,0,1,780,8
3,0,1,1022,12
3,0,1,2600,11
3,0,1,2600,2
3,0,1,2600,12
3,0,1,2600,17
3,0,1,516,8
3,0,1,2600,6
3,0,1,248,4
3,0,1,1526,24
3,0,1,2600,5
3,0,1,2600,17
3,0,1,974,18
3,0,1,420,13
3,0,1,1486,14
3,0,1,367,15
3,0,1,149,10
3,0,1,2600,4
3,0,1,2600,12
3,0,1,2600,3
3,0,1,2600,6
3,1,1,472,40
3,1,1,35,3
3,1,1,219,15
3,1,1,312,26
3,1,1,144,8
3,1,1,190,14
3,1,1,53,7
3,1,1,144,12
3,1,1,393,37
3,1,1,45,7
3,1,1,122,14
3,1,2,364,20
3,1,1,49,5
3,1,1,162,12
3,1,1,174,12
3,1,1,411,27
3,1,1,86,8
3,1,1,141,13
3,1,1,60,6
3,1,1,50,6
3,1,1,51,1
3,1,2,157,11
3,1,1,99,7
3,1,2,347,29
3,1,2,72,2
3,1,1,168,6
3,1,1,649,43
3,1,1,598,46
3,1,1,286,22
3,1,1,48,6
3,1,1,149,11
3,1,1,95,9
3,1,1,84,2
3,1,2,126,10
3,1,1,273,31
3,1,1,137,9
3,1,1,216,16
3,1,1,512,54
3,1,1,731,69
3,1,1,277,25
3,1,2,263,19
3,1,1,152,10
3,1,1,106,12
3,1,1,359,23
3,1,2,82,8
3,1,1,62,6
3,1,2,501,31
3,1,1,43,3
3,1,1,112,12
3,1,2,255,19
3,1,1,116,8
3,1,1,82,4
3,1,1,43,5
3,1,1,127,13
3,1,1,62,4
3,1,1,540,36
3,1,2,84,4
3,1,1,238,24
3,1,2,64,2
3,1,1,372,36
3,1,1,672,52
3,1,1,300,18
3,1,1,125,5
3,1,2,327,21
3,1,1,216,12
3,1,1,55,3
3,1,1,425,29
3,1,1,96,8
3,1,1,144,12
3,1,1,111,7
3,1,1,260,24
3,1,1,138,12
3,1,2,63,1
3,1,1,133,11
3,1,2,90,9
3,1,1,111,9
3,1,1,329,23
3,1,1,142,10
3,1,1,141,13
3,1,1,164,10
3,1,1,199,9
3,1,1,231,17
3,1,1,271,21
3,1,2,171,13
3,1,1,110,8
3,1,1,184,12
3,1,1,98,6
3,1,2,120,10
3,1,1,66,4
3,1,1,77,7
3,1,1,109,7
3,1,1,227,13
3,1,1,40,6
3,1,1,130,8
3,1,1,171,15
3,1,1,53,5
3,1,2,80,4
3,1,1,159,13
3,1,1,120,6
3,1,2,47,1
3,2,2,92,2
3,2,2,170,14
3,2,2,87,5
3,2,1,344,26
3,2,1,718,54
3,2,2,103,7
3,2,1,126,8
3,2,1,365,21
3,2,1,217,16
3,2,2,172,10
3,2,2,60,4
3,2,1,178,10
3,2,2,583,41
3,2,1,285,21
3,2,1,84,8
3,2,2,157,14
3,2,2,166,8
3,2,1,116,8
3,2,2,135,13
3,2,2,243,23
3,2,2,396,28
3,2,2,367,35
3,2,2,259,21
3,2,1,93,7
3,2,1,46,4
3,2,1,158,16
3,2,2,499,31
3,2,1,123,11
3,2,1,64,2
3,2,2,250,26
3,2,2,323,28
3,2,2,65,5
3,2,1,86,6
3,2,1,229,11
3,2,1,201,21
3,2,2,357,27
3,2,2,79,9
3,2,2,261,15
3,2,2,206,12
3,2,2,319,31
3,2,1,453,37
3,2,1,155,13
3,2,1,238,22
3,2,2,739,47
3,2,2,134,10
3,2,1,415,37
3,2,2,181,14
3,2,2,346,23
3,2,1,610,52
3,2,2,70,8
3,2,2,121,11
3,2,1,93,9
3,2,1,269,19
3,2,1,332,30
3,2,1,303,29
3,2,1,35,3
3,2,1,136,6
3,2,2,177,15
3,2,1,77,5
3,2,1,138,12
3,2,1,218,20
3,2,2,655,37
3,2,2,60,4
3,2,1,102,2
3,2,2,303,17
3,2,1,543,41
3,2,1,277,15
3,2,2,126,7
3,2,2,149,9
3,2,1,71,3
3,2,2,271,13
3,2,2,221,15
3,2,1,123,7
3,2,2,253,17
3,2,1,214,14
3,2,2,298,24
3,2,2,280,22
3,2,1,521,41
3,2,2,116,6
3,2,1,240,14
3,2,1,245,21
3,2,1,45,3
3,2,2,332,34
3,2,1,65,9
3,2,1,72,6
3,2,1,832,82
3,2,2,132,18
3,2,2,106,8
3,2,1,88,4
3,2,2,88,8
3,2,1,320,26
3,2,2,238,28
3,2,2,79,5
3,2,1,268,18
3,2,1,111,5
3,2,2,94,10
3,2,2,231,21
3,2,1,425,41
3,2,1,76,7
3,2,2,274,18
3,3,1,68,4
3,3,1,638,52
3,3,2,57,3
3,3,2,250,18
3,3,1,64,4
3,3,1,191,11
3,3,1,368,26
3,3,1,299,27
3,3,2,210,14
3,3,1,443,37
3,3,2,217,22
3,3,1,1250,96
3,3,1,166,10
3,3,1,37,3
3,3,1,112,10
3,3,1,254,20
3,3,1,261,29
3,3,1,195,15
3,3,1,544,42
3,3,1,315,25
3,3,1,131,9
3,3,2,141,11
3,3,1,60,9
3,3,1,258,22
3,3,2,64,2
3,3,2,133,11
3,3,1,1001,77
3,3,2,77,5
3,3,1,210,16
3,3,2,130,13
3,3,2,92,4
3,3,1,222,12
3,3,2,217,17
3,3,1,123,5
3,3,1,78,6
3,3,2,138,16
3,3,1,78,8
3,3,2,127,11
3,3,1,199,13
3,3,1,160,13
3,3,2,101,6
3,3,1,118,10
3,3,2,294,22
3,3,2,530,42
3,3,1,232,26
3,3,2,158,16
3,3,1,32,8
3,3,1,277,23
3,3,2,469,39
3,3,1,638,54
3,3,1,467,27
3,3,2,306,34
3,3,1,83,5
3,3,2,239,19
3,3,1,330,32
3,3,2,86,4
3,3,1,143,9
3,3,2,73,5
3,3,1,128,10
3,3,2,236,18
3,3,1,154,12
3,3,1,131,13
3,3,2,90,8
3,3,1,379,29
3,3,1,197,13
3,3,1,145,9
3,3,2,303,29
3,3,2,272,19
3,3,2,190,16
3,3,2,947,65
3,3,1,74,4
3,3,1,187,13
3,3,2,68,6
3,3,2,181,19
3,3,1,60,4
3,3,1,256,22
3,3,2,122,10
3,3,1,196,20
3,3,1,79,5
3,3,1,89,5
3,3,2,125,13
3,3,2,135,13
3,3,2,141,7
3,3,2,246,20
3,3,2,99,5
3,3,2,332,24
3,3,1,197,17
3,3,1,469,33
3,3,1,56,6
3,3,2,71,7
3,3,1,52,4
3,3,2,60,8
3,3,1,82,8
3,3,1,66,4
3,3,2,165,17
3,3,2,364,22
3,3,1,214,24
3,3,1,96,10
3,3,1,126,8
3,3,2,208,16
,,,,
0,0,1,277,17
0,0,2,141,9
0,0,1,86,5
0,0,1,176,12
0,0,2,97,13
0,0,1,201,15
0,0,1,276,18
0,0,2,76,6
0,0,2,403,29
0,0,1,296,24
0,0,2,327,27
0,0,1,92,8
0,0,2,467,37
0,0,2,142,11
0,0,1,182,16
0,0,2,136,6
0,0,1,449,37
0,0,2,111,9
0,0,2,603,47
0,0,2,209,13
0,0,1,138,11
0,0,2,249,21
0,0,2,143,11
0,0,1,174,10
0,0,2,238,16
0,0,1,663,43
0,0,2,221,15
0,0,1,446,32
0,0,1,183,7
0,0,2,567,43
0,0,2,1090,88
0,0,1,72,8
0,0,2,124,4
0,0,1,363,21
0,0,2,198,16
0,0,1,1545,117
0,0,2,172,8
0,0,1,107,9
0,0,1,661,43
0,0,1,115,9
0,0,2,248,20
0,0,2,115,5
0,0,1,120,10
0,0,2,182,16
0,0,2,200,16
0,0,2,59,5
0,0,1,428,32
0,0,1,214,10
0,0,1,204,14
0,0,2,430,30
0,0,2,175,11
0,0,1,197,15
0,0,2,259,15
0,0,1,338,28
0,0,2,959,79
0,0,2,150,17
0,0,2,273,23
0,0,1,144,12
0,0,1,182,10
0,0,1,324,18
0,0,1,168,10
0,0,1,84,4
0,0,1,561,43
0,0,2,131,9
0,0,1,131,5
0,0,1,106,8
0,0,1,204,16
0,0,1,416,30
0,0,2,534,36
0,0,1,330,30
0,0,2,223,13
0,0,2,777,51
0,0,1,154,10
0,0,2,310,16
0,0,2,937,76
0,0,2,827,70
0,0,2,311,23
0,0,1,468,25
0,0,1,333,21
0,0,2,226,18
0,0,2,205,13
0,0,1,388,30
0,0,1,97,1
0,0,1,431,27
0,0,1,205,13
0,0,1,107,7
0,0,1,1004,80
0,0,2,389,27
0,0,1,416,34
0,0,2,456,30
0,0,1,123,5
0,0,1,194,13
0,0,1,133,9
0,0,2,1059,75
0,0,2,131,11
0,0,1,208,18
0,0,2,427,33
0,0,1,603,49
0,0,1,207,13
0,0,2,253,23
1,0,2,2600,15
1,0,1,2600,8
1,0,2,657,11
1,0,2,2600,7
1,0,1,2600,6
1,0,2,1766,28
1,0,1,2600,5
1,0,1,2600,18
1,0,2,2600,26
1,0,2,2600,17
1,0,2,2600,8
1,0,2,2600,26
1,0,1,2600,9
1,0,1,2600,4
1,0,1,2600,27
1,0,1,2600,20
1,0,2,2600,18
1,0,1,2600,3
1,0,2,2600,8
1,0,1,2600,15
1,0,1,2600,9
1,0,2,2600,11
1,0,1,2600,7
1,0,2,2600,8
1,0,2,2600,10
1,0,1,2600,9
1,0,1,2600,12
1,0,2,2600,6
1,0,2,2600,11
1,0,2,2600,4
1,0,2,2600,3
1,0,2,2600,15
1,0,1,2600,0
1,0,2,2600,30
1,0,1,2600,7
1,0,2,2600,4
1,0,1,773,13
1,0,2,2600,13
1,0,2,2600,5
1,0,1,2600,6
1,0,1,2600,18
1,0,1,2600,10
1,0,2,1239,19
1,0,2,2600,8
1,0,2,2600,7
1,0,2,1049,17
1,0,2,2600,3
1,0,2,2600,10
1,0,2,2600,10
1,0,2,2600,8
1,0,1,2600,11
1,0,2,2600,15
1,0,1,127,5
1,0,1,2600,18
1,0,1,2600,15
1,0,2,2600,19
1,0,1,2600,11
1,0,1,2600,13
1,0,2,2600,25
1,0,1,2600,28
1,0,2,1317,13
1,0,2,2600,16
1,0,1,2600,24
1,0,1,2600,13
1,0,1,2600,9
1,0,2,2600,12
1,0,2,2600,11
1,0,1,2600,12
1,0,1,2600,14
1,0,1,2600,8
1,0,2,2600,6
1,0,2,2600,18
1,0,2,2600,17
1,0,2,2600,10
1,0,2,2600,6
1,0,1,557,9
1,0,1,328,12
1,0,2,2600,10
1,0,1,1153,13
1,0,2,2600,17
1,0,2,2600,1
1,0,2,2600,23
1,0,1,2600,14
1,0,1,2600,9
1,0,1,2600,25
1,0,1,2600,8
1,0,2,2600,16
1,0,2,2600,13
1,0,2,1124,12
1,0,2,2600,5
1,0,1,2600,12
1,0,2,2600,17
1,0,1,2600,14
1,0,1,2600,14
1,0,1,2600,10
1,0,1,2600,20
1,0,1,2600,35
1,0,1,1119,15
1,0,1,2600,9
1,0,2,2600,25
,,,,
1,0,2,2600,17
1,0,2,2600,11
1,0,2,2600,6
1,0,1,2600,17
1,0,2,2600,1
1,0,2,456,6
1,0,2,2600,8
1,0,1,2600,11
1,0,2,2600,14
1,0,2,144,8
1,0,2,2600,16
1,0,2,2600,14
1,0,2,2600,13
1,0,1,2600,5
1,0,1,2600,15
1,0,1,2600,15
1,0,1,2600,7
1,0,1,2600,34
1,0,1,2600,8
1,0,2,2600,12
1,0,2,2600,9
1,0,1,87,4
1,0,2,1465,11
1,0,1,1242,12
1,0,2,2600,12
1,0,2,2600,23
1,0,1,2600,24
1,0,2,2600,10
1,0,2,2600,17
1,0,2,2600,16
1,0,2,2600,6
1,0,1,2600,8
1,0,2,2600,9
1,0,2,2600,4
1,0,1,2600,9
1,0,1,2600,13
1,0,2,2600,12
1,0,1,2600,7
1,0,2,2600,10
1,0,1,2600,7
1,0,1,290,12
1,0,1,2600,15
1,0,1,2600,8
1,0,2,44,4
1,0,1,2600,12
1,0,2,2600,15
1,0,1,100,4
1,0,2,2600,9
1,0,2,2600,22
1,0,2,2600,1
1,0,1,1854,20
1,0,2,2600,10
1,0,2,58,8
1,0,1,2600,7
1,0,2,1040,12
1,0,1,2600,6
1,0,1,2600,12
1,0,2,65,5
1,0,2,2600,23
1,0,1,2600,7
1,0,1,2600,6
1,0,1,1744,18
1,0,2,2600,15
1,0,1,2600,23
1,0,1,2600,20
1,0,2,2600,6
1,0,2,2600,25
1,0,1,2600,5
1,0,2,379,17
1,0,2,2600,13
1,0,1,2600,5
1,0,1,2600,15
1,0,1,2600,7
1,0,1,2600,13
1,0,1,306,10
1,0,2,2600,9
1,0,2,2600,14
1,0,2,2600,6
1,0,2,2600,8
1,0,2,2600,9
1,0,2,943,17
1,0,1,2600,9
1,0,2,2600,6
1,0,1,2600,20
1,0,1,2600,13
1,0,1,2176,24
1,0,2,2600,16
1,0,2,825,13
1,0,1,948,16
1,0,2,2600,18
1,0,2,2600,6
1,0,1,2600,20
1,0,2,1274,14
1,0,1,2600,7
1,0,2,2600,9
1,0,1,2600,3
1,0,1,2600,4
1,0,2,2600,12
1,0,1,2600,8
1,0,1,968,20
2,0,1,90,6
2,0,1,251,7
2,0,1,564,16
2,0,1,2600,6
2,0,1,440,20
2,0,1,834,24
2,0,1,386,16
2,0,1,352,15
2,0,1,2600,16
2,0,1,2600,9
2,0,1,2600,27
2,0,1,2600,10
2,0,1,2600,11
2,0,1,1886,20
2,0,1,1529,17
2,0,1,2600,7
2,0,1,1201,27
2,0,1,960,14
2,0,1,2600,9
2,0,1,2600,7
2,0,2,2600,20
2,0,1,2600,3
2,0,1,2600,14
2,0,1,369,14
2,0,1,1050,24
2,0,1,289,11
2,0,1,356,14
2,0,1,1210,10
2,0,1,114,6
2,0,1,2600,11
2,0,1,2600,15
2,0,1,624,16
2,0,1,2600,6
2,0,1,2600,17
2,0,1,2232,40
2,0,1,696,20
2,0,1,623,7
2,0,1,786,12
2,0,1,1489,31
2,0,1,582,14
2,0,1,1510,29
2,0,1,777,19
2,0,1,2600,5
2,0,1,336,11
2,0,1,329,17
2,0,1,2600,2
2,0,1,1731,39
2,0,1,1016,16
2,0,1,2600,5
2,0,1,605,11
2,0,1,1706,40
2,0,1,2600,10
2,0,1,1881,39
2,0,1,2600,14
2,0,1,48,8
2,0,1,2600,17
2,0,1,2600,16
2,0,1,2600,9
2,0,2,2600,7
2,0,2,2600,8
2,0,1,2600,4
2,0,1,974,27
2,0,2,2600,4
2,0,1,2600,43
2,0,1,533,15
2,0,1,2600,9
2,0,1,2600,27
2,0,1,2600,27
2,0,2,2600,11
2,0,1,171,11
2,0,1,420,10
2,0,1,1520,31
2,0,1,2600,10
2,0,1,316,10
2,0,1,2600,12
2,0,1,792,14
2,0,1,2600,12
2,0,1,2600,10
2,0,1,898,20
2,0,1,2600,50
2,0,1,2600,18
2,0,1,734,12
2,0,1,473,15
2,0,1,435,17
2,0,1,121,5
2,0,1,413,5
2,0,1,1125,15
2,0,1,2600,6
2,0,1,2600,9
2,0,1,741,11
2,0,1,211,7
2,0,1,2600,10
2,0,1,892,30
2,0,1,2388,34
2,0,1,495,9
2,0,1,592,10
2,0,1,1346,36
2,0,1,1060,10
2,0,2,2600,6
2,0,1,455,15
3,0,1,2600,11
3,0,1,94,10
3,0,1,2600,12
3,0,1,2600,10
3,0,1,75,5
3,0,1,2600,8
3,0,2,2600,16
3,0,2,2600,2
3,0,1,2600,23
3,0,2,131,7
3,0,1,2600,16
3,0,2,2600,4
3,0,1,2600,17
3,0,1,2600,23
3,0,1,2600,4
3,0,1,2600,3
3,0,1,2600,8
3,0,1,2600,22
3,0,1,2600,9
3,0,1,2600,7
3,0,1,781,17
3,0,2,2600,5
3,0,1,2600,9
3,0,1,2600,26
3,0,1,2600,5
3,0,2,2600,24
3,0,1,2600,23
3,0,1,712,10
3,0,1,130,5
3,0,1,2600,18
3,0,1,2600,7
3,0,2,2600,18
3,0,1,2600,7
3,0,1,697,15
3,0,1,2600,24
3,0,1,558,8
3,0,1,2600,5
3,0,1,1481,19
3,0,1,822,24
3,0,1,149,9
3,0,1,2600,7
3,0,1,478,19
3,0,1,1807,27
3,0,1,523,17
3,0,1,2600,7
3,0,1,2600,32
3,0,1,2600,19
3,0,1,2600,14
3,0,1,2600,15
3,0,1,2600,8
3,0,1,2600,13
3,0,1,2600,8
3,0,1,871,11
3,0,1,1216,14
3,0,1,2600,7
3,0,1,2600,16
3,0,1,2600,3
3,0,1,2600,19
3,0,1,2600,13
3,0,1,1609,33
3,0,1,2600,16
3,0,1,1011,19
3,0,1,2600,7
3,0,1,2600,0
3,0,1,2600,24
3,0,1,2600,9
3,0,2,2600,4
3,0,1,2600,6
3,0,1,443,9
3,0,1,1392,14
3,0,1,2600,10
3,0,1,2600,18
3,0,1,2600,5
3,0,1,2600,10
3,0,1,224,8
3,0,1,2600,6
3,0,1,578,12
3,0,1,120,6
3,0,1,330,7
3,0,1,2600,9
3,0,1,1148,36
3,0,1,2600,15
3,0,1,2600,6
3,0,1,2600,6
3,0,1,2600,18
3,0,1,2600,22
3,0,1,2600,18
3,0,1,563,15
3,0,1,2600,9
3,0,1,2600,10
3,0,1,1050,11
3,0,1,2600,6
3,0,1,2600,12
3,0,1,2600,7
3,0,1,2600,8
3,0,1,2600,12
3,0,1,2600,5
3,0,1,2600,8
3,0,1,2600,6
3,0,1,1266,18
1,1,2,144,8
1,1,1,699,57
1,1,2,91,5
1,1,2,350,32
1,1,2,383,33
1,1,1,64,4
1,1,1,155,11
1,1,1,186,12
1,1,1,243,17
1,1,2,545,43
1,1,2,105,9
1,1,1,289,21
1,1,1,39,3
1,1,1,188,16
1,1,1,962,64
1,1,1,70,8
1,1,2,266,16
1,1,1,309,21
1,1,1,115,9
1,1,1,581,47
1,1,2,77,9
1,1,2,45,3
1,1,2,59,7
1,1,1,328,32
1,1,2,210,12
1,1,1,271,23
1,1,1,307,19
1,1,2,227,17
1,1,1,98,8
1,1,1,816,56
1,1,2,352,32
1,1,1,189,11
1,1,1,169,19
1,1,1,281,15
1,1,2,96,9
1,1,1,226,16
1,1,2,60,2
1,1,1,410,34
1,1,2,93,7
1,1,1,59,3
1,1,2,699,59
1,1,1,159,12
1,1,2,442,36
1,1,2,34,2
1,1,1,75,5
1,1,1,117,7
1,1,2,197,9
1,1,1,329,23
1,1,1,222,18
1,1,2,364,18
1,1,1,217,19
1,1,2,207,21
1,1,1,109,11
1,1,2,316,24
1,1,2,347,23
1,1,1,321,29
1,1,1,225,25
1,1,2,891,65
1,1,2,327,23
1,1,1,83,9
1,1,1,190,16
1,1,2,62,4
1,1,1,396,38
1,1,1,62,4
1,1,1,376,30
1,1,2,51,7
1,1,2,518,38
1,1,2,76,8
1,1,2,568,40
1,1,1,217,23
1,1,1,104,10
1,1,1,73,5
1,1,2,343,25
1,1,2,101,9
1,1,2,121,5
1,1,1,210,12
1,1,1,353,25
1,1,2,54,4
1,1,1,251,19
1,1,1,407,31
1,1,1,53,1
1,1,2,69,5
1,1,2,430,32
1,1,2,321,21
1,1,2,338,26
1,1,1,151,13
1,1,1,151,7
1,1,1,287,33
1,1,1,68,0
1,1,2,253,15
1,1,1,48,4
1,1,1,259,23
1,1,1,653,37
1,1,1,403,31
1,1,2,967,77
1,1,1,147,13
1,1,2,113,7
1,1,1,144,10
1,1,2,842,60
1,1,1,486,36
2,1,1,65,3
2,1,1,372,22
2,1,2,318,26
2,1,1,206,12
2,1,1,106,6
2,1,1,398,36
2,1,1,307,21
2,1,1,137,15
2,1,1,280,20
2,1,1,138,12
2,1,1,48,6
2,1,1,146,14
2,1,1,128,10
2,1,1,56,6
2,1,2,63,7
2,1,1,277,23
2,1,1,298,22
2,1,1,380,30
2,1,1,225,15
2,1,1,130,6
2,1,1,144,12
2,1,1,101,3
2,1,2,139,7
2,1,1,214,28
2,1,1,305,21
2,1,1,37,3
2,1,1,277,29
2,1,1,65,7
2,1,2,208,18
2,1,1,58,4
2,1,1,250,18
2,1,1,110,8
2,1,1,226,18
2,1,1,223,17
2,1,1,196,12
2,1,1,51,7
2,1,1,89,5
2,1,1,93,9
2,1,1,791,65
2,1,1,241,29
2,1,1,136,10
2,1,1,71,7
2,1,1,333,27
2,1,1,80,6
2,1,1,281,29
2,1,1,68,4
2,1,1,167,15
2,1,1,74,6
2,1,1,151,11
2,1,2,172,14
2,1,1,222,14
2,1,1,154,14
2,1,1,119,13
2,1,1,108,12
2,1,1,79,7
2,1,1,313,25
2,1,1,141,7
2,1,1,196,18
2,1,1,75,7
2,1,1,108,12
2,1,1,332,20
2,1,1,159,9
2,1,1,99,5
2,1,1,427,25
2,1,1,138,8
2,1,2,69,9
2,1,1,227,17
2,1,1,147,7
2,1,1,379,29
2,1,1,52,4
2,1,1,82,10
2,1,1,99,5
2,1,1,130,8
2,1,1,110,6
2,1,1,175,15
2,1,1,275,23
2,1,1,154,12
2,1,1,160,18
2,1,1,51,3
2,1,1,81,7
2,1,1,90,8
2,1,1,149,11
2,1,1,536,44
2,1,1,119,7
2,1,1,53,3
2,1,1,74,6
2,1,1,288,16
2,1,2,98,10
2,1,1,698,52
2,1,1,132,12
2,1,1,140,4
2,1,2,356,28
2,1,1,265,19
2,1,1,95,7
2,1,2,253,19
2,1,1,305,15
2,1,1,137,17
2,1,2,461,31
2,1,2,175,15
2,1,1,46,4
3,1,1,157,7
3,1,1,161,13
3,1,2,308,20
3,1,1,71,9
3,1,1,385,29
3,1,2,203,16
3,1,1,193,17
3,1,1,168,8
3,1,1,71,9
3,1,1,166,8
3,1,1,237,15
3,1,1,172,10
3,1,1,195,21
3,1,1,139,15
3,1,1,81,5
3,1,1,51,7
3,1,1,161,9
3,1,1,69,9
3,1,2,176,14
3,1,1,198,10
3,1,2,559,45
3,1,1,247,19
3,1,1,122,10
3,1,1,256,10
3,1,1,524,38
3,1,1,198,14
3,1,1,51,3
3,1,1,55,3
3,1,2,217,22
3,1,1,93,5
3,1,1,261,21
3,1,2,348,18
3,1,1,142,6
3,1,1,244,14
3,1,1,78,6
3,1,2,531,45
3,1,1,83,7
3,1,1,202,12
3,1,2,106,2
3,1,1,198,20
3,1,2,74,2
3,1,1,95,7
3,1,1,101,11
3,1,1,114,15
3,1,1,147,7
3,1,2,93,5
3,1,1,368,32
3,1,2,76,4
3,1,1,371,29
3,1,1,218,12
3,1,1,101,11
3,1,1,128,10
3,1,1,178,16
3,1,1,91,7
3,1,1,54,2
3,1,1,290,24
3,1,1,358,32
3,1,2,481,33
3,1,2,59,1
3,1,1,321,27
3,1,2,209,11
3,1,1,148,12
3,1,1,108,10
3,1,2,104,6
3,1,1,272,30
3,1,1,520,52
3,1,2,348,28
3,1,1,430,36
3,1,1,266,14
3,1,1,157,19
3,1,1,42,2
3,1,1,112,12
3,1,1,94,8
3,1,1,378,24
3,1,2,121,5
3,1,2,56,4
3,1,1,239,21
3,1,1,104,6
3,1,2,60,4
3,1,1,66,4
3,1,1,98,8
3,1,1,269,17
3,1,1,69,9
3,1,1,290,22
3,1,1,63,9
3,1,1,609,51
3,1,2,283,24
3,1,1,80,6
3,1,1,33,5
3,1,1,134,12
3,1,1,798,58
3,1,2,58,4
3,1,2,343,31
3,1,2,292,22
3,1,1,45,3
3,1,1,319,25
3,1,2,100,10
3,1,1,73,5
3,1,1,48,2
3,1,1,145,7
2,2,1,362,30
2,2,2,124,10
2,2,1,59,5
2,2,2,255,18
2,2,2,322,22
2,2,2,260,12
2,2,2,65,1
2,2,1,125,13
2,2,1,209,19
2,2,2,74,4
2,2,2,212,14
2,2,1,82,10
2,2,2,454,32
2,2,1,120,12
2,2,1,82,4
2,2,2,199,11
2,2,2,208,18
2,2,1,63,7
2,2,2,268,16
2,2,1,161,9
2,2,1,486,38
2,2,2,189,13
2,2,2,77,5
2,2,2,206,14
2,2,2,359,29
2,2,1,44,3
2,2,2,341,33
2,2,1,898,68
2,2,1,319,25
2,2,2,53,7
2,2,2,315,29
2,2,2,73,10
2,2,1,69,7
2,2,2,625,47
2,2,1,72,10
2,2,1,136,8
2,2,2,172,16
2,2,1,336,24
2,2,1,87,5
2,2,2,485,29
2,2,2,144,10
2,2,2,407,39
2,2,1,151,21
2,2,1,827,75
2,2,1,459,31
2,2,2,144,12
2,2,2,386,34
2,2,2,59,3
2,2,2,67,9
2,2,2,115,11
2,2,1,501,41
2,2,2,186,14
2,2,2,253,25
2,2,2,252,20
2,2,1,99,7
2,2,1,49,7
2,2,2,113,7
2,2,1,181,15
2,2,1,116,8
2,2,2,231,16
2,2,1,178,12
2,2,1,117,13
2,2,1,235,17
2,2,2,97,7
2,2,1,382,30
2,2,1,155,7
2,2,2,528,46
2,2,2,42,2
2,2,2,249,27
2,2,2,109,9
2,2,1,136,13
2,2,1,172,18
2,2,2,439,25
2,2,2,95,7
2,2,1,163,11
2,2,2,69,7
2,2,1,267,21
2,2,2,73,5
2,2,1,682,58
2,2,1,177,13
2,2,1,60,6
2,2,2,88,6
2,2,1,119,7
2,2,2,73,9
2,2,2,786,52
2,2,2,136,8
2,2,1,470,36
2,2,1,277,23
2,2,2,706,52
2,2,2,53,3
2,2,2,100,13
2,2,1,80,10
2,2,2,239,13
2,2,1,56,4
2,2,2,153,13
2,2,2,141,13
2,2,1,86,6
2,2,2,105,13
2,2,2,365,31
2,2,1,60,4
3,2,2,232,20
3,2,2,89,5
3,2,2,158,6
3,2,2,157,9
3,2,2,128,14
3,2,1,318,28
3,2,1,90,4
3,2,2,109,7
3,2,1,75,5
3,2,1,142,6
3,2,2,120,9
3,2,1,95,7
3,2,2,98,6
3,2,1,123,11
3,2,1,54,2
3,2,1,202,18
3,2,1,455,29
3,2,1,240,16
3,2,1,1094,70
3,2,2,79,5
3,2,2,166,14
3,2,2,154,12
3,2,1,186,16
3,2,1,233,15
3,2,2,508,30
3,2,1,40,2
3,2,1,82,4
3,2,1,416,30
3,2,2,101,7
3,2,1,441,31
3,2,1,747,55
3,2,2,186,14
3,2,2,72,4
3,2,2,132,12
3,2,2,609,45
3,2,1,339,19
3,2,1,50,6
3,2,1,140,10
3,2,1,64,6
3,2,1,168,16
3,2,1,139,9
3,2,1,150,12
3,2,2,273,25
3,2,2,124,10
3,2,2,59,3
3,2,1,124,10
3,2,2,60,2
3,2,1,732,58
3,2,2,113,5
3,2,2,1277,101
3,2,2,166,14
3,2,1,715,61
3,2,1,370,36
3,2,1,169,13
3,2,2,355,27
3,2,1,536,38
3,2,1,127,7
3,2,2,149,7
3,2,2,156,18
3,2,2,211,19
3,2,2,291,11
3,2,1,346,32
3,2,2,185,15
3,2,2,196,18
3,2,2,69,5
3,2,1,839,69
3,2,1,297,27
3,2,2,63,1
3,2,2,1298,88
3,2,1,51,7
3,2,2,171,15
3,2,1,315,17
3,2,2,155,11
3,2,1,631,43
3,2,2,144,10
3,2,2,55,3
3,2,1,76,8
3,2,2,405,31
3,2,1,421,33
3,2,1,469,35
3,2,2,512,48
3,2,2,296,24
3,2,1,117,7
3,2,1,99,9
3,2,1,301,29
3,2,1,203,21
3,2,1,528,44
3,2,2,434,26
3,2,2,62,2
3,2,2,212,18
3,2,2,96,10
3,2,1,177,13
3,2,1,166,12
3,2,2,111,11
3,2,1,57,3
3,2,2,196,10
3,2,2,110,8
3,2,2,128,12
3,2,2,203,7
3,2,1,142,12
3,3,2,184,18
3,3,1,108,4
3,3,2,118,12
3,3,1,432,34
3,3,2,316,28
3,3,2,440,34
3,3,1,188,14
3,3,2,82,4
3,3,1,486,30
3,3,2,138,6
3,3,2,446,40
3,3,2,396,28
3,3,1,562,50
3,3,1,99,10
3,3,2,274,22
3,3,1,379,31
3,3,2,609,51
3,3,2,111,8
3,3,2,254,18
3,3,1,75,11
3,3,2,60,0
3,3,1,698,60
3,3,2,361,35
3,3,1,41,1
3,3,1,210,22
3,3,1,76,8
3,3,1,115,9
3,3,2,310,20
3,3,2,115,15
3,3,1,98,6
3,3,2,91,7
3,3,1,323,25
3,3,1,168,12
3,3,2,111,9
3,3,1,74,6
3,3,1,389,35
3,3,2,468,40
3,3,2,915,77
3,3,1,56,6
3,3,2,85,9
3,3,1,173,13
3,3,1,363,27
3,3,2,51,5
3,3,1,103,7
3,3,2,398,28
3,3,2,78,4
3,3,2,225,11
3,3,1,173,13
3,3,1,98,12
3,3,2,103,7
3,3,2,428,36
3,3,2,242,20
3,3,1,188,12
3,3,2,84,4
3,3,1,88,8
3,3,1,135,11
3,3,2,73,5
3,3,2,93,7
3,3,2,90,6
3,3,2,279,19
3,3,1,528,44
3,3,1,297,21
3,3,1,262,18
3,3,2,144,12
3,3,2,50,5
3,3,1,166,8
3,3,1,91,5
3,3,2,152,10
3,3,1,80,6
3,3,2,259,19
3,3,2,399,41
3,3,2,128,14
3,3,1,140,10
3,3,2,187,19
3,3,1,434,36
3,3,1,721,59
3,3,2,250,16
3,3,2,273,19
3,3,2,487,31
3,3,2,251,23
3,3,2,270,14
3,3,2,184,14
3,3,1,442,30
3,3,2,190,28
3,3,1,364,28
3,3,2,58,5
3,3,2,79,5
3,3,1,172,14
3,3,1,56,6
3,3,1,58,4
3,3,2,56,12
3,3,2,88,4
3,3,1,264,14
3,3,1,177,13
3,3,2,44,2
3,3,1,84,6
3,3,1,120,7
3,3,1,199,15
3,3,1,97,9
3,3,1,151,13

0 ,0,1,303,25
0 ,0,1,911,67
0 ,0,2,73,7
0 ,0,2,692,42
0 ,0,1,173,19
0 ,0,1,269,25
0 ,0,1,87,5
0 ,0,2,92,8
0 ,0,2,251,15
0 ,0,2,103,7
0 ,0,2,315,19
0 ,0,1,497,39
0 ,0,1,231,13
0 ,0,2,230,14
0 ,0,2,126,7
0 ,0,1,299,20
0 ,0,1,241,19
0 ,0,1,389,21
0 ,0,2,250,22
0 ,0,2,482,42
0 ,0,1,535,41
0 ,0,2,280,22
0 ,0,2,558,40
0 ,0,2,102,4
0 ,0,2,435,27
0 ,0,1,193,13
0 ,0,2,230,15
0 ,0,2,100,8
0 ,0,1,403,37
0 ,0,1,245,19
0 ,0,2,86,6
0 ,0,1,106,10
0 ,0,2,125,7
0 ,0,1,129,7
0 ,0,1,177,9
0 ,0,2,422,26
0 ,0,1,1628,115
0 ,0,2,186,10
0 ,0,2,136,4
0 ,0,2,129,7
0 ,0,2,182,12
0 ,0,1,146,10
0 ,0,2,332,24
0 ,0,1,96,4
0 ,0,2,227,12
0 ,0,1,101,11
0 ,0,1,317,23
0 ,0,2,267,19
0 ,0,1,362,22
0 ,0,1,90,6
0 ,0,1,129,11
0 ,0,1,139,11
0 ,0,2,1070,86
0 ,0,2,718,52
0 ,0,1,190,12
0 ,0,2,188,8
0 ,0,1,135,7
0 ,0,1,306,20
0 ,0,1,436,32
0 ,0,1,129,9
0 ,0,1,315,21
0 ,0,1,171,10
0 ,0,2,408,30
0 ,0,2,1285,87
0 ,0,1,778,50
0 ,0,2,194,16
0 ,0,2,205,17
0 ,0,1,133,7
0 ,0,2,127,3
0 ,0,1,185,15
0 ,0,2,64,6
0 ,0,1,211,17
0 ,0,1,119,3
0 ,0,1,328,27
0 ,0,1,98,6
0 ,0,2,118,6
0 ,0,2,489,37
0 ,0,2,655,46
0 ,0,1,448,31
0 ,0,2,1354,82
0 ,0,2,535,43
0 ,0,2,74,6
0 ,0,1,251,23
0 ,0,1,385,37
0 ,0,1,195,19
0 ,0,2,839,61
0 ,0,2,83,4
0 ,0,2,455,36
0 ,0,1,233,19
0 ,0,1,74,4
0 ,0,1,329,25
0 ,0,2,83,9
0 ,0,2,518,42
0 ,0,2,88,4
0 ,0,2,207,20
0 ,0,2,110,4
0 ,0,2,1606,114
0 ,0,2,164,14
0 ,0,2,138,6
0 ,0,2,347,23